# Blender 4.1.1
# www.blender.org
mtllib Model.mtl.mtl
o Base
v 2.876652 3.082105 6.023073
v 1.919641 3.082105 6.270397
v 1.023170 3.082105 6.609573
v 0.205490 3.082105 7.033695
v -0.516754 3.082105 7.534128
v -1.128864 3.082105 8.100689
v -1.618374 3.082105 8.721842
v -1.975319 3.082105 9.384941
v 4.893526 1.139467 5.822147
v -1.975319 1.139467 9.384941
v -1.618374 1.139467 8.721842
v -1.128864 1.139467 8.100689
v -0.516754 1.139467 7.534128
v 0.205490 1.139467 7.033695
v 1.023170 1.139467 6.609573
v 1.919641 1.139467 6.270397
v 2.876652 1.139467 6.023073
v 3.874720 1.139467 5.872639
v 47.878700 3.082107 45.526527
v 55.037529 3.082107 40.566269
v 48.897507 3.082107 45.476036
v 49.895576 3.082107 45.325600
v 50.852585 3.082107 45.078278
v 51.749058 3.082107 44.739101
v 52.566738 3.082107 44.314980
v 53.288982 3.082107 43.814545
v 53.901093 3.082107 43.247986
v 54.390602 3.082107 42.626831
v 54.747547 3.082107 41.963734
v 54.964664 3.082107 41.272186
v 55.037529 1.139469 40.566269
v 47.878700 1.139469 45.526527
v 54.964664 1.139469 41.272186
v 54.747547 1.139469 41.963734
v 54.390602 1.139468 42.626831
v 53.901093 1.139468 43.247986
v 53.288982 1.139468 43.814545
v 52.566738 1.139468 44.314980
v 51.749058 1.139468 44.739101
v 50.852585 1.139468 45.078278
v 49.895576 1.139468 45.325600
v 48.897507 1.139469 45.476036
v -2.265305 3.082107 40.395164
v 5.140465 3.082107 45.526527
v -2.189922 3.082107 41.125435
v -1.965319 3.082107 41.840836
v -1.596058 3.082107 42.526810
v -1.089664 3.082107 43.169388
v -0.456442 3.082107 43.755493
v 0.290718 3.082107 44.273190
v 1.136604 3.082107 44.711941
v 2.063999 3.082107 45.062813
v 3.054020 3.082107 45.318672
v 4.086514 3.082107 45.474297
v 5.140465 1.139469 45.526527
v -2.265305 1.139469 40.395164
v 4.086514 1.139469 45.474297
v 3.054020 1.139468 45.318672
v 2.063999 1.139468 45.062813
v 1.136604 1.139468 44.711941
v 0.290718 1.139468 44.273190
v -0.456442 1.139468 43.755493
v -1.089664 1.139468 43.169388
v -1.596058 1.139468 42.526810
v -1.965319 1.139469 41.840836
v -2.189922 1.139469 41.125435
v 55.037529 3.082106 10.953507
v 54.962151 3.082105 10.223239
v 54.737549 3.082105 9.507837
v 54.368286 3.082105 8.821865
v 53.861893 3.082105 8.179285
v 53.228668 3.082105 7.593182
v 52.481510 3.082105 7.075483
v 47.631763 1.139467 5.822147
v 55.037529 1.139467 10.953507
v 48.685715 1.139467 5.874378
v 49.718208 1.139467 6.030003
v 50.708229 1.139467 6.285860
v 51.635624 1.139467 6.636734
v 52.481510 1.139467 7.075483
v 53.228668 1.139467 7.593182
v 53.861893 1.139467 8.179285
v 54.368286 1.139467 8.821865
v 54.737549 1.139467 9.507837
v 54.962151 1.139467 10.223239
v 33.517826 1.111126 43.441971
v 0.270924 1.093604 23.736364
v 33.623016 1.111128 8.042728
v 47.367607 1.111126 43.441971
v 12.122453 1.093603 43.260674
v 26.054117 1.093603 43.260674
v 47.472794 1.111128 8.042728
v 0.270924 1.093604 9.804699
v 47.576332 1.899163 5.754635
v 48.442482 1.899163 5.791185
v 49.296001 1.899163 5.900311
v 50.124443 1.899163 6.080414
v 50.915730 1.899163 6.328875
v 51.658318 1.899163 6.642065
v 5.279844 1.899163 5.754635
v 3.497433 1.899163 5.905624
v 4.382093 1.899163 5.792519
v 3.122686 -1.134705 48.113808
v -4.702999 -1.134705 42.433876
v 2.179401 -1.134705 48.072395
v 1.249876 -1.134705 47.948761
v 0.347658 -1.134705 47.744705
v -0.514093 -1.134705 47.463207
v -1.322811 -1.134705 47.108368
v -2.066704 -1.134705 46.685368
v -2.734926 -1.134705 46.200371
v -3.317728 -1.134705 45.660446
v -3.806616 -1.134705 45.073471
v -4.194460 -1.134705 44.448006
v -4.475601 -1.134705 43.793175
v -4.645943 -1.134705 43.118515
v -4.702999 12.865295 42.433876
v 3.122686 12.865295 48.113808
v -4.645943 12.865295 43.118515
v -4.475601 12.865295 43.793175
v -4.194460 12.865295 44.448006
v -3.806616 12.865295 45.073471
v -3.317728 12.865295 45.660446
v -2.734926 12.865295 46.200371
v -2.066704 12.865295 46.685368
v -1.322811 12.865295 47.108368
v -0.514093 12.865295 47.463207
v 0.347658 12.865295 47.744705
v 1.249876 12.865295 47.948761
v 2.179401 12.865295 48.072395
v 49.471313 -1.134703 3.113808
v 57.297001 -1.134703 8.793741
v 50.414600 -1.134703 3.155220
v 51.344124 -1.134703 3.278854
v 52.246346 -1.134703 3.482908
v 53.108093 -1.134703 3.764408
v 53.916813 -1.134703 4.119246
v 54.660706 -1.134703 4.542248
v 55.328926 -1.134703 5.027246
v 55.911728 -1.134703 5.567169
v 56.400620 -1.134703 6.154142
v 56.788460 -1.134703 6.779608
v 57.069603 -1.134703 7.434443
v 57.239944 -1.134703 8.109098
v 57.297001 12.865297 8.793741
v 49.471313 12.865297 3.113808
v 57.239944 12.865297 8.109098
v 57.069603 12.865297 7.434443
v 56.788460 12.865297 6.779608
v 56.400620 12.865297 6.154142
v 55.911728 12.865297 5.567169
v 55.328926 12.865297 5.027246
v 54.660706 12.865297 4.542248
v 53.916813 12.865297 4.119246
v 53.108093 12.865297 3.764408
v 52.246346 12.865297 3.482908
v 51.344124 12.865297 3.278854
v 50.414600 12.865297 3.155220
v -4.702999 -1.134703 9.000975
v 3.408209 -1.134703 3.113808
v -4.643860 -1.134703 8.291355
v -4.467302 -1.134703 7.592083
v -4.175903 -1.134703 6.913357
v -3.773909 -1.134703 6.265072
v -3.267183 -1.134703 5.656683
v -2.663118 -1.134703 5.097061
v -1.970516 -1.134703 4.594366
v -1.199482 -1.134703 4.155931
v -0.361258 -1.134703 3.788147
v 0.531935 -1.134703 3.496378
v 1.467070 -1.134703 3.284878
v 2.430510 -1.134703 3.156731
v 3.408209 12.865297 3.113808
v -4.702999 12.865297 9.000975
v 2.430510 12.865297 3.156731
v 1.467070 12.865297 3.284878
v 0.531935 12.865297 3.496378
v -0.361258 12.865297 3.788147
v -1.199482 12.865297 4.155931
v -1.970516 12.865297 4.594366
v -2.663118 12.865297 5.097061
v -3.267183 12.865297 5.656683
v -3.773909 12.865297 6.265072
v -4.175903 12.865297 6.913357
v -4.467302 12.865297 7.592083
v -4.643860 12.865297 8.291355
v 57.297001 -1.134705 42.226639
v 49.185791 -1.134705 48.113808
v 57.237862 -1.134705 42.936260
v 57.061302 -1.134705 43.635532
v 56.769905 -1.134705 44.314259
v 56.367912 -1.134705 44.962543
v 55.861183 -1.134705 45.570930
v 55.257118 -1.134705 46.130554
v 54.564518 -1.134705 46.633247
v 53.793484 -1.134705 47.071686
v 52.955261 -1.134705 47.439468
v 52.062065 -1.134705 47.731239
v 51.126930 -1.134705 47.942738
v 50.163490 -1.134705 48.070885
v 49.185791 12.865295 48.113808
v 57.297001 12.865295 42.226639
v 50.163490 12.865295 48.070885
v 51.126930 12.865295 47.942738
v 52.062065 12.865295 47.731239
v 52.955261 12.865295 47.439468
v 53.793484 12.865295 47.071686
v 54.564518 12.865295 46.633247
v 55.257118 12.865295 46.130554
v 55.861183 12.865295 45.570930
v 56.367912 12.865295 44.962543
v 56.769905 12.865295 44.314259
v 57.061302 12.865295 43.635532
v 57.237862 12.865295 42.936260
v 54.707802 12.865295 40.903122
v 54.762104 12.865296 40.276791
v 54.709717 12.865295 10.163628
v 54.762104 12.865295 10.767914
v 54.553299 12.865295 9.568155
v 54.545685 12.865295 41.520321
v 54.295151 12.865295 8.990179
v 50.775391 12.865295 44.877789
v 49.955238 12.865295 45.135315
v 51.545074 12.865295 44.553169
v 52.253059 12.865295 44.166195
v 52.889027 12.865295 43.722504
v 53.443695 12.865295 43.228561
v 54.278107 12.865295 42.119385
v 53.908989 12.865295 42.691582
v 53.939018 12.865295 8.438126
v 52.954964 12.865295 7.443493
v 53.490108 12.865295 7.920044
v 52.341385 12.865295 7.015419
v 51.658318 12.865295 6.642065
v 50.915730 12.865295 6.328875
v 50.124443 12.865295 6.080414
v 5.017670 12.865295 45.472980
v 47.314156 12.865295 45.472980
v 48.211906 12.865295 45.435097
v 4.151518 12.865295 45.436432
v 3.298000 12.865295 45.327305
v 49.096569 12.865295 45.321991
v 2.469557 12.865294 45.147202
v 1.818611 12.865295 6.349827
v 2.638765 12.865295 6.092302
v 49.296001 12.865297 5.900311
v 3.497433 12.865295 5.905624
v 4.382093 12.865295 5.792519
v 5.279844 12.865295 5.754635
v 47.576332 12.865297 5.754635
v 48.442482 12.865297 5.791185
v 1.678272 12.865294 44.898743
v 0.935684 12.865294 44.585548
v -0.360962 12.865294 43.784122
v -0.896107 12.865294 43.307571
v 0.252619 12.865294 44.212196
v -1.345018 12.865294 42.789490
v -1.701147 12.865294 42.237434
v -2.115713 12.865294 41.063988
v -1.959299 12.865294 41.659462
v -2.168102 12.865294 40.459702
v -2.113800 12.865295 10.324492
v -2.168102 12.865297 10.950824
v -1.951681 12.865295 9.707294
v -1.684107 12.865295 9.108231
v -0.849695 12.865295 7.999052
v -1.314985 12.865295 8.536034
v -0.295025 12.865295 7.505114
v 0.340942 12.865295 7.061420
v 1.048927 12.865295 6.674444
v 48.789024 -1.134705 41.655449
v 48.811123 -1.134705 41.431091
v 48.811123 -1.134705 41.879799
v 48.982834 -1.134705 41.016541
v 48.876564 -1.134705 42.095535
v 48.876564 -1.134705 41.215363
v 48.982834 -1.134705 42.294353
v 49.300117 -1.134705 40.699257
v 49.125854 -1.134705 42.468620
v 49.714672 -1.134705 42.783348
v 49.714672 -1.134705 40.527542
v 49.498940 -1.134705 42.717911
v 49.498940 -1.134705 40.592987
v 49.300117 -1.134705 42.611637
v 49.125854 -1.134705 40.842274
v 50.163380 -1.134705 40.527542
v 50.163380 -1.134705 42.783348
v 50.577930 -1.134705 40.699257
v 50.577930 -1.134705 42.611637
v 50.379112 -1.134705 40.592987
v 50.379112 -1.134705 42.717911
v 50.895214 -1.134705 41.016541
v 50.895214 -1.134705 42.294353
v 51.089027 -1.134705 41.655449
v 51.066929 -1.134705 41.879799
v 51.066929 -1.134705 41.431091
v 51.051479 -1.134705 41.930733
v 51.001488 -1.134705 42.095535
v 51.001488 -1.134705 41.215363
v 50.752197 -1.134705 42.468620
v 50.752197 -1.134705 40.842274
v 49.939026 -1.134705 42.805447
v 49.939026 -1.134705 40.505447
v 1.759541 -1.134705 41.427013
v 1.776834 -1.134705 41.251434
v 1.776834 -1.134705 41.602596
v 1.911217 -1.134705 40.927002
v 1.828049 -1.134705 41.771431
v 1.828049 -1.134705 41.082596
v 1.911217 -1.134705 41.927025
v 2.159527 -1.134705 40.678692
v 2.023144 -1.134705 42.063408
v 2.144804 -1.134705 42.163254
v 2.483957 -1.134705 42.309723
v 2.483957 -1.134705 40.544308
v 2.315125 -1.134705 42.258507
v 2.315125 -1.134705 40.595520
v 2.159527 -1.134705 42.175339
v 2.023144 -1.134705 40.790619
v 2.835121 -1.134705 40.544308
v 2.835121 -1.134705 42.309723
v 3.159552 -1.134705 40.678692
v 3.159552 -1.134705 42.175339
v 3.003956 -1.134705 40.595520
v 3.003956 -1.134705 42.258507
v 3.407864 -1.134705 40.927002
v 3.407864 -1.134705 41.927025
v 3.559540 -1.134705 41.427013
v 3.542246 -1.134705 41.602596
v 3.542246 -1.134705 41.251434
v 3.491032 -1.134705 41.771431
v 3.491032 -1.134705 41.082596
v 3.295937 -1.134705 42.063408
v 3.295937 -1.134705 40.790619
v 2.659540 -1.134705 40.527012
v 2.659540 -1.134705 42.327015
v 28.311119 -1.134704 15.694592
v 28.328411 -1.134704 15.519011
v 28.328411 -1.134704 15.870173
v 28.462795 -1.134704 15.194578
v 28.462795 -1.134704 16.194605
v 28.379627 -1.134704 15.350177
v 28.379627 -1.134704 16.039007
v 28.711105 -1.134704 14.946269
v 28.711105 -1.134704 16.442915
v 29.035538 -1.134704 14.811885
v 29.035538 -1.134704 16.577299
v 28.866703 -1.134704 14.863100
v 28.866703 -1.134704 16.526083
v 29.211119 -1.134704 14.794592
v 28.574722 -1.134704 15.058195
v 28.574722 -1.134704 16.330988
v 29.386700 -1.134704 14.811885
v 29.386700 -1.134704 16.577299
v 29.711132 -1.134704 14.946269
v 29.711132 -1.134704 16.442915
v 29.555534 -1.134704 14.863100
v 29.555534 -1.134704 16.526083
v 29.959440 -1.134704 15.194578
v 29.959440 -1.134704 16.194605
v 30.111118 -1.134704 15.694592
v 30.093824 -1.134704 15.519011
v 30.093824 -1.134704 15.870173
v 30.042610 -1.134704 15.350177
v 30.042610 -1.134704 16.039007
v 29.847515 -1.134704 15.058195
v 29.847515 -1.134704 16.330988
v 29.211119 -1.134704 16.594591
v 12.122453 7.056494 48.113808
v 12.122453 7.056494 45.472984
v 26.054117 7.056494 48.113808
v 26.054117 7.056494 45.472980
v 26.054117 1.093603 48.113808
v 12.122452 1.984304 48.113808
v 12.122453 1.093603 48.113808
v 33.517826 7.038970 48.113808
v 33.517826 7.038970 45.472980
v 47.367607 7.038970 48.113808
v 47.314156 7.038970 45.472980
v 47.367607 7.038970 45.470726
v 47.367607 1.111126 48.113808
v 33.517826 1.855535 48.113808
v 33.517826 1.111126 48.113808
v -2.168102 7.056495 23.736364
v -2.168102 7.056496 10.950824
v -4.702999 1.093604 23.736364
v -4.702999 1.093604 9.804699
v -4.702999 7.056496 9.804699
v -4.702999 7.056495 23.736364
v -2.113800 7.056496 10.324492
v -1.977266 7.056496 9.804699
v 33.623016 1.899163 5.754635
v 47.472794 1.899163 5.754635
v 33.623016 7.038972 3.113808
v 47.472794 1.111128 3.113808
v 47.472794 7.038972 3.113808
v 33.623016 1.111128 3.113808
v 33.623016 7.038972 5.754635
v 47.472794 7.038972 5.754635
v 22.927032 7.599714 3.113808
v 22.927032 7.599714 5.754635
v 23.127243 7.595642 3.113808
v 23.127243 7.595642 5.754635
v 16.731915 7.597181 3.113808
v 16.731915 7.597181 5.754635
v 16.883202 7.599714 3.113808
v 16.883202 7.599714 5.754635
v 16.581917 7.589603 3.113808
v 16.581917 7.589603 5.754635
v 23.324934 7.583477 3.113808
v 23.324934 7.583477 5.754635
v 23.702883 7.535581 3.113808
v 23.702883 7.535581 5.754635
v 23.878387 7.500452 3.113808
v 23.878387 7.500452 5.754635
v 23.517622 7.563373 3.113808
v 23.517622 7.563373 5.754635
v 16.434490 7.577045 3.113808
v 16.434490 7.577045 5.754635
v 16.290890 7.559615 3.113808
v 16.290890 7.559615 5.754635
v 16.152344 7.537460 3.113808
v 16.152344 7.537460 5.754635
v 16.020035 7.510770 3.113808
v 16.020035 7.510769 5.754635
v 24.041927 7.458427 3.113808
v 24.041927 7.458427 5.754635
v 15.895089 7.479772 3.113808
v 15.895089 7.479772 5.754635
v 24.191448 7.410035 3.113808
v 24.191448 7.410035 5.754635
v 15.778574 7.444731 3.113808
v 15.778574 7.444731 5.754635
v 15.671482 7.405947 3.113808
v 15.671482 7.405947 5.754635
v 24.325068 7.355884 3.113808
v 24.325068 7.355884 5.754635
v 15.574729 7.363749 3.113808
v 15.574729 7.363749 5.754635
v 24.441105 7.296656 3.113808
v 24.441105 7.296656 5.754635
v 15.489140 7.318498 3.113808
v 15.489140 7.318498 5.754635
v 24.538101 7.233094 3.113808
v 24.538101 7.233094 5.754635
v 15.415443 7.270580 3.113808
v 15.415443 7.270580 5.754635
v 15.354270 7.220404 3.113808
v 15.354270 7.220404 5.754635
v 24.614840 7.165999 3.113808
v 24.614840 7.165999 5.754635
v 15.306141 7.168397 3.113808
v 15.306141 7.168397 5.754635
v 24.670353 7.096214 3.113808
v 24.670353 7.096214 5.754635
v 15.271466 7.115004 3.113808
v 15.271466 7.115004 5.754635
v 15.250543 7.060680 3.113808
v 15.250543 7.060680 5.754635
v 24.703941 7.024617 3.113808
v 24.703941 7.024617 5.754635
v 15.243547 7.005889 3.113808
v 15.243547 7.005889 5.754635
v 24.715185 6.952108 3.113808
v 24.715185 6.952108 5.754635
v 15.243547 4.817026 3.113808
v 15.243547 4.817025 5.754635
v 24.715185 4.763245 3.113808
v 24.715185 4.763245 5.754635
v 15.254791 4.744516 3.113808
v 15.254791 4.744516 5.754635
v 24.708191 4.708453 3.113808
v 24.708191 4.708453 5.754635
v 24.687267 4.654130 3.113808
v 24.687267 4.654130 5.754635
v 15.288381 4.672920 3.113808
v 15.288381 4.672919 5.754635
v 15.343892 4.603135 3.113808
v 15.343892 4.603135 5.754635
v 24.652592 4.600737 3.113808
v 24.652592 4.600737 5.754635
v 24.604464 4.548730 3.113808
v 24.604464 4.548730 5.754635
v 15.420631 4.536040 3.113808
v 15.420631 4.536039 5.754635
v 24.543289 4.498554 3.113808
v 24.543289 4.498554 5.754635
v 15.517629 4.472478 3.113808
v 15.517629 4.472478 5.754635
v 24.469593 4.450636 3.113808
v 24.469593 4.450636 5.754635
v 24.384003 4.405385 3.113808
v 24.384003 4.405385 5.754635
v 15.633667 4.413250 3.113808
v 15.633667 4.413249 5.754635
v 24.287251 4.363187 3.113808
v 24.287251 4.363187 5.754635
v 24.180159 4.324403 3.113808
v 24.180159 4.324402 5.754635
v 24.063644 4.289362 3.113808
v 24.063644 4.289362 5.754635
v 23.938698 4.258365 3.113808
v 23.938698 4.258364 5.754635
v 23.667843 4.209519 3.113808
v 23.667843 4.209519 5.754635
v 23.806387 4.231674 3.113808
v 23.806387 4.231674 5.754635
v 23.524242 4.192088 3.113808
v 23.524242 4.192088 5.754635
v 23.226818 4.171953 3.113808
v 23.226818 4.171952 5.754635
v 23.376816 4.179530 3.113808
v 23.376816 4.179530 5.754635
v 23.075531 4.169419 3.113808
v 23.075531 4.169419 5.754635
v 16.831490 4.173491 3.113808
v 16.831490 4.173491 5.754635
v 17.031700 4.169419 3.113808
v 17.031700 4.169419 5.754635
v 16.441111 4.205761 3.113808
v 16.441111 4.205761 5.754635
v 16.633799 4.185657 3.113808
v 16.633799 4.185656 5.754635
v 16.080345 4.268682 3.113808
v 16.080345 4.268682 5.754635
v 16.255850 4.233553 3.113808
v 16.255850 4.233552 5.754635
v 15.916805 4.310707 3.113808
v 15.916805 4.310707 5.754635
v 15.767286 4.359099 3.113808
v 15.767286 4.359098 5.754635
v -2.168102 3.082107 40.459702
v 5.017670 3.082107 45.472980
v -1.959299 3.082107 41.659462
v -1.701147 3.082107 42.237438
v 4.151520 3.082107 45.436432
v 3.298002 3.082107 45.327301
v -2.115713 3.082107 41.063988
v -0.360962 3.082107 43.784122
v 0.935684 3.082107 44.585552
v -0.896107 3.082107 43.307571
v 2.469557 3.082107 45.147202
v 1.678272 3.082107 44.898743
v 0.252619 3.082107 44.212196
v -1.345016 3.082107 42.789490
v -2.265305 3.082106 23.736364
v -2.168102 3.082106 23.736364
v -2.265305 1.139468 23.736364
v 0.270924 1.139468 23.736364
v 0.270924 1.139467 9.856669
v 0.270924 1.139467 9.804699
v -1.951681 3.082105 9.707294
v -1.977266 3.082105 9.804699
v -2.107103 3.082105 9.804699
v -1.684107 3.082105 9.108231
v 1.818611 3.082105 6.349825
v -0.295025 3.082105 7.505114
v 2.638765 3.082105 6.092302
v 0.340944 3.082105 7.061420
v 1.048927 3.082105 6.674446
v -0.849695 3.082105 7.999052
v -1.314983 3.082105 8.536036
v 3.139277 3.082105 5.983490
v -2.107105 1.139466 9.804699
v 3.139278 1.899163 5.983488
v 3.874720 1.899163 5.872639
v 4.893526 1.899163 5.822147
v 12.122456 3.082107 45.526527
v 12.122453 3.082108 45.472980
v 26.054117 3.082107 45.526527
v 26.054117 3.082108 45.472980
v 33.517826 3.082107 45.526527
v 33.517826 3.082107 45.472984
v 47.367607 3.082107 45.526527
v 47.367607 3.082107 45.470726
v 47.367607 1.139469 45.526527
v 33.517826 1.139469 45.526527
v 26.054117 1.139469 45.526527
v 12.122454 1.139469 45.526527
v 2.659540 1.139468 42.327015
v 2.483957 1.139468 42.309723
v 2.315125 1.139468 42.258507
v 3.159550 1.139468 42.175339
v 3.003954 1.139468 42.258507
v 2.159525 1.139468 42.175339
v 2.835121 1.139468 42.309723
v 2.483957 1.139469 40.544308
v 3.159554 1.139469 40.678688
v 2.315126 1.139469 40.595520
v 3.491030 1.139469 41.771431
v 1.828049 1.139469 41.771431
v 1.776834 1.139469 41.602596
v 2.023144 1.139469 40.790619
v 1.759541 1.139469 41.427013
v 1.776834 1.139469 41.251434
v 3.407862 1.139469 41.927025
v 3.295937 1.139468 42.063408
v 3.003956 1.139469 40.595520
v 2.835121 1.139469 40.544308
v 2.159529 1.139469 40.678688
v 2.659540 1.139469 40.527012
v 3.542246 1.139469 41.602596
v 3.559540 1.139469 41.427013
v 3.542246 1.139469 41.251434
v 3.491032 1.139469 41.082596
v 3.295937 1.139469 40.790619
v 3.407866 1.139469 40.927002
v 2.023144 1.139468 42.063408
v 1.911219 1.139469 40.927002
v 1.911215 1.139469 41.927025
v 1.828049 1.139469 41.082596
v 29.386700 1.139467 14.811884
v 29.711132 1.139467 14.946268
v 29.555534 1.139467 14.863100
v 29.211119 1.139467 16.594591
v 29.211119 1.139467 14.794592
v 29.035538 1.139467 14.811884
v 28.866703 1.139467 16.526083
v 28.866703 1.139467 14.863100
v 29.035538 1.139467 16.577299
v 28.711105 1.139467 16.442915
v 28.711105 1.139467 14.946268
v 28.574722 1.139467 16.330988
v 28.462795 1.139467 16.194607
v 28.379627 1.139467 16.039007
v 28.328411 1.139467 15.870173
v 28.311119 1.139467 15.694592
v 28.328411 1.139467 15.519011
v 30.093826 1.139467 15.519011
v 30.111118 1.139467 15.694592
v 30.093824 1.139467 15.870173
v 29.959442 1.139467 15.194578
v 30.042610 1.139467 15.350176
v 30.042610 1.139467 16.039007
v 29.847515 1.139467 15.058195
v 29.711132 1.139467 16.442915
v 29.959440 1.139467 16.194607
v 29.847515 1.139467 16.330988
v 29.555534 1.139467 16.526083
v 29.386700 1.139467 16.577299
v 28.462795 1.139467 15.194578
v 28.574722 1.139467 15.058195
v 28.379627 1.139467 15.350176
v 33.623009 1.139467 5.822149
v 33.623016 1.139467 8.042728
v 47.472790 1.139467 5.822147
v 33.623016 1.899163 5.822147
v 47.631763 1.899163 5.822147
v 47.472794 1.899163 5.822149
v 48.685715 1.899163 5.874378
v 49.718208 1.899163 6.030005
v 51.889153 3.082105 6.768236
v 51.889156 1.899163 6.768236
v 51.635624 1.899163 6.636734
v 50.708229 1.899163 6.285858
v 50.046612 1.899163 6.114876
v 49.714672 1.139468 42.783348
v 49.939026 1.139468 42.805447
v 49.125854 1.139468 42.468620
v 50.379112 1.139468 42.717911
v 51.001488 1.139468 42.095535
v 49.300117 1.139468 42.611637
v 48.876564 1.139468 42.095535
v 49.498940 1.139468 42.717911
v 48.982834 1.139468 42.294353
v 50.895218 1.139468 42.294353
v 50.752197 1.139468 42.468620
v 50.577930 1.139468 42.611637
v 50.163380 1.139468 42.783348
v 48.811123 1.139469 41.879799
v 51.066929 1.139469 41.879799
v 51.089027 1.139469 41.655449
v 49.939026 1.139469 40.505447
v 51.066929 1.139469 41.431095
v 51.001488 1.139469 41.215363
v 50.577930 1.139469 40.699257
v 50.895214 1.139469 41.016541
v 50.752197 1.139469 40.842274
v 49.300117 1.139469 40.699257
v 49.714672 1.139469 40.527542
v 50.379112 1.139469 40.592987
v 50.163380 1.139469 40.527542
v 49.498940 1.139469 40.592987
v 48.876564 1.139469 41.215363
v 49.125854 1.139469 40.842274
v 48.982834 1.139469 41.016541
v 48.811123 1.139469 41.431095
v 48.789024 1.139469 41.655449
v 49.096569 3.082107 45.321991
v 48.211906 3.082107 45.435097
v 47.367607 1.139468 43.441971
v 33.517826 1.139468 43.441971
v 26.054117 1.139468 43.260674
v 12.122453 1.139468 43.260674
v 53.443695 3.082107 43.228561
v 53.908989 3.082107 42.691582
v 54.278107 3.082107 42.119385
v 54.545685 3.082107 41.520321
v 54.707802 3.082107 40.903122
v 47.472794 1.139467 8.042730
v 49.955238 3.082107 45.135315
v 52.253059 3.082107 44.166195
v 50.775391 3.082107 44.877789
v 51.545074 3.082107 44.553169
v 52.889030 3.082107 43.722504
v 54.762104 3.082107 40.276791
v 54.762104 3.082106 10.957682
v 54.762108 3.082105 10.767912
v 54.709717 3.082105 10.163627
v 54.553299 3.082105 9.568155
v 54.295151 3.082105 8.990179
v 53.939018 3.082105 8.438126
v 52.954964 3.082105 7.443493
v 53.490112 3.082105 7.920044
v 52.341385 3.082105 7.015419
vn -0.0000 -1.0000 -0.0000
vn -0.0000 -0.0000 -1.0000
vn -0.0000 -0.0000 1.0000
vn -1.0000 -0.0000 -0.0000
vn 0.2502 -0.0000 0.9682
vn 0.3539 -0.0000 0.9353
vn 0.4604 -0.0000 0.8877
vn 0.5695 -0.0000 0.8220
vn 0.6793 -0.0000 0.7339
vn 0.7854 -0.0000 0.6190
vn 0.8805 -0.0000 0.4740
vn 0.9541 -0.0000 0.2995
vn -0.0495 -0.0000 -0.9988
vn -0.1490 -0.0000 -0.9888
vn -0.2502 -0.0000 -0.9682
vn -0.3539 -0.0000 -0.9353
vn -0.4604 -0.0000 -0.8877
vn -0.5695 -0.0000 -0.8220
vn -0.6793 -0.0000 -0.7339
vn -0.7854 -0.0000 -0.6190
vn -0.8805 -0.0000 -0.4740
vn -0.9541 -0.0000 -0.2995
vn -0.9947 -0.0000 -0.1027
vn -0.0000 1.0000 -0.0000
vn 0.0495 -0.0000 -0.9988
vn 0.1490 -0.0000 -0.9888
vn 0.2502 -0.0000 -0.9682
vn 0.3539 -0.0000 -0.9353
vn 0.4604 -0.0000 -0.8877
vn 0.5695 -0.0000 -0.8220
vn 0.6793 -0.0000 -0.7339
vn 0.7854 -0.0000 -0.6190
vn 0.8805 -0.0000 -0.4740
vn 0.9541 -0.0000 -0.2995
vn 0.9947 -0.0000 -0.1027
vn -0.0495 -0.0000 0.9988
vn -0.1490 -0.0000 0.9888
vn -0.2502 -0.0000 0.9682
vn -0.3539 -0.0000 0.9353
vn -0.4604 -0.0000 0.8877
vn -0.5695 -0.0000 0.8220
vn -0.6793 -0.0000 0.7339
vn -0.7854 -0.0000 0.6190
vn -0.8805 -0.0000 0.4740
vn -0.9541 -0.0000 0.2995
vn -0.9947 -0.0000 0.1027
vn 1.0000 -0.0000 -0.0000
vn -0.0422 -0.0000 0.9991
vn -0.1268 -0.0000 0.9919
vn -0.2124 -0.0000 0.9772
vn -0.2996 -0.0000 0.9541
vn -0.3886 -0.0000 0.9214
vn -0.4796 -0.0000 0.8775
vn -0.0439 -0.0000 0.9990
vn -0.1318 -0.0000 0.9913
vn -0.2206 -0.0000 0.9754
vn -0.3105 -0.0000 0.9506
vn -0.4018 -0.0000 0.9157
vn -0.4943 -0.0000 0.8693
vn -0.5874 -0.0000 0.8093
vn -0.6796 -0.0000 0.7336
vn -0.7684 -0.0000 0.6400
vn -0.8499 -0.0000 0.5270
vn -0.9189 -0.0000 0.3945
vn -0.9696 -0.0000 0.2448
vn -0.9965 -0.0000 0.0830
vn 0.0439 -0.0000 -0.9990
vn 0.1318 -0.0000 -0.9913
vn 0.2206 -0.0000 -0.9754
vn 0.3105 -0.0000 -0.9506
vn 0.4018 -0.0000 -0.9157
vn 0.4943 -0.0000 -0.8693
vn 0.5874 -0.0000 -0.8093
vn 0.6796 -0.0000 -0.7336
vn 0.7684 -0.0000 -0.6400
vn 0.8499 -0.0000 -0.5270
vn 0.9189 -0.0000 -0.3945
vn 0.9696 -0.0000 -0.2448
vn 0.9965 -0.0000 -0.0830
vn -0.0439 -0.0000 -0.9990
vn -0.1318 -0.0000 -0.9913
vn -0.2206 -0.0000 -0.9754
vn -0.3105 -0.0000 -0.9506
vn -0.4018 -0.0000 -0.9157
vn -0.4943 -0.0000 -0.8693
vn -0.5874 -0.0000 -0.8093
vn -0.6796 -0.0000 -0.7336
vn -0.7684 -0.0000 -0.6400
vn -0.8499 -0.0000 -0.5270
vn -0.9189 -0.0000 -0.3945
vn -0.9696 -0.0000 -0.2448
vn -0.9965 -0.0000 -0.0831
vn 0.0439 -0.0000 0.9990
vn 0.1318 -0.0000 0.9913
vn 0.2206 -0.0000 0.9754
vn 0.3105 -0.0000 0.9506
vn 0.4018 -0.0000 0.9157
vn 0.4943 -0.0000 0.8693
vn 0.5874 -0.0000 0.8093
vn 0.6796 -0.0000 0.7336
vn 0.7684 -0.0000 0.6400
vn 0.8499 -0.0000 0.5270
vn 0.9189 -0.0000 0.3945
vn 0.9696 -0.0000 0.2448
vn 0.9965 -0.0000 0.0831
vn 0.8403 -0.0000 0.5421
vn 0.5722 -0.0000 0.8201
vn 0.1268 -0.0000 0.9919
vn -0.2124 -0.0000 -0.9772
vn 0.2996 -0.0000 0.9541
vn -0.3886 -0.0000 -0.9214
vn -0.7558 -0.0000 -0.6549
vn -0.1268 -0.0000 -0.9919
vn 0.9131 -0.0000 0.4078
vn -0.4796 -0.0000 -0.8775
vn -0.9672 -0.0000 -0.2541
vn 0.9963 -0.0000 0.0864
vn -0.9131 -0.0000 -0.4078
vn 0.4796 -0.0000 0.8775
vn -0.0422 -0.0000 -0.9991
vn 0.3886 -0.0000 0.9214
vn -0.8403 -0.0000 -0.5421
vn -0.5722 -0.0000 -0.8201
vn 0.0422 -0.0000 0.9991
vn 0.2124 -0.0000 0.9772
vn 0.6650 -0.0000 0.7468
vn 0.7558 -0.0000 0.6549
vn 0.9672 -0.0000 0.2541
vn -0.2996 -0.0000 -0.9541
vn -0.6650 -0.0000 -0.7468
vn -0.9963 -0.0000 -0.0864
vn -0.6344 -0.0000 -0.7730
vn -0.7730 -0.0000 -0.6344
vn -0.8819 -0.0000 -0.4714
vn -0.9569 -0.0000 -0.2903
vn -0.9952 -0.0000 -0.0980
vn -0.9952 -0.0000 0.0980
vn -0.9569 -0.0000 0.2903
vn -0.8819 -0.0000 0.4714
vn -0.7730 -0.0000 0.6344
vn -0.6344 -0.0000 0.7730
vn -0.4714 -0.0000 0.8819
vn -0.2903 -0.0000 0.9569
vn -0.0980 -0.0000 0.9952
vn 0.0980 -0.0000 0.9952
vn 0.2903 -0.0000 0.9569
vn 0.4714 -0.0000 0.8819
vn -0.0980 -0.0000 -0.9952
vn 0.9569 -0.0000 -0.2903
vn 0.6344 -0.0000 -0.7730
vn 0.2880 -0.9576 -0.0000
vn 0.1579 -0.9875 -0.0000
vn 0.0614 0.9981 -0.0000
vn -0.1484 -0.9889 -0.0000
vn 0.1484 0.9889 -0.0000
vn 0.6582 0.7528 -0.0000
vn -0.1963 -0.9806 -0.0000
vn 0.7339 -0.6792 -0.0000
vn -0.5481 -0.8364 -0.0000
vn -0.3998 0.9166 -0.0000
vn -0.1038 -0.9946 -0.0000
vn 0.2489 0.9685 -0.0000
vn 0.9882 0.1532 -0.0000
vn 0.9053 0.4247 -0.0000
vn 0.7826 0.6225 -0.0000
vn 0.0505 -0.9987 -0.0000
vn 0.9332 -0.3594 -0.0000
vn -0.0849 0.9964 -0.0000
vn 0.6342 -0.7732 -0.0000
vn -0.2880 0.9576 -0.0000
vn -0.7826 -0.6225 -0.0000
vn -0.7339 0.6792 -0.0000
vn 0.3405 -0.9402 -0.0000
vn 0.9919 -0.1266 -0.0000
vn -0.9053 -0.4247 -0.0000
vn -0.1977 0.9803 -0.0000
vn 0.4674 -0.8841 -0.0000
vn 0.4546 0.8907 -0.0000
vn -0.9332 0.3594 -0.0000
vn -0.1579 0.9875 -0.0000
vn 0.1205 -0.9927 -0.0000
vn -0.3079 -0.9514 -0.0000
vn 0.5451 -0.8384 -0.0000
vn -0.3405 0.9402 -0.0000
vn 0.1038 0.9946 -0.0000
vn -0.6582 -0.7528 -0.0000
vn 0.3079 0.9514 -0.0000
vn 0.0203 0.9998 -0.0000
vn 0.3756 0.9268 -0.0000
vn -0.4674 0.8840 -0.0000
vn -0.1205 0.9927 -0.0000
vn 0.0849 -0.9964 -0.0000
vn -0.3756 -0.9268 -0.0000
vn 0.1963 0.9806 -0.0000
vn 0.5481 0.8364 -0.0000
vn -0.5451 0.8384 -0.0000
vn -0.2489 -0.9685 -0.0000
vn -0.9919 0.1266 -0.0000
vn -0.0167 0.9999 -0.0000
vn -0.0203 -0.9998 -0.0000
vn 0.0167 -0.9999 -0.0000
vn 0.1977 -0.9803 -0.0000
vn -0.9882 -0.1532 -0.0000
vn -0.6342 0.7732 -0.0000
vn 0.2408 -0.9706 -0.0000
vn -0.8387 0.5446 -0.0000
vn -0.4546 -0.8907 -0.0000
vn -0.0614 -0.9981 -0.0000
vn 0.3998 -0.9166 -0.0000
vn 0.8387 -0.5446 -0.0000
vn -0.0505 0.9987 -0.0000
vn -0.2408 0.9706 -0.0000
vn 0.9952 -0.0000 -0.0980
vn 0.7730 -0.0000 0.6344
vn -0.6650 -0.0000 0.7468
vn 0.9952 -0.0000 0.0980
vn 0.2903 -0.0000 -0.9569
vn 0.8819 -0.0000 0.4714
vn 0.2996 -0.0000 -0.9541
vn -0.9131 -0.0000 0.4078
vn 0.7730 -0.0000 -0.6344
vn 0.0422 -0.0000 -0.9991
vn 0.9569 -0.0000 0.2903
vn -0.7558 -0.0000 0.6549
vn 0.6650 -0.0000 -0.7468
vn 0.8403 -0.0000 -0.5421
vn -0.9963 -0.0000 0.0864
vn -0.8403 -0.0000 0.5421
vn -0.4714 -0.0000 -0.8819
vn -0.9672 -0.0000 0.2541
vn 0.6344 -0.0000 0.7730
vn -0.2903 -0.0000 -0.9569
vn 0.8819 -0.0000 -0.4714
vn 0.0495 -0.0000 0.9988
vn 0.1268 -0.0000 -0.9919
vn 0.9963 -0.0000 -0.0864
vn 0.2124 -0.0000 -0.9772
vn 0.4714 -0.0000 -0.8819
vn 0.0980 -0.0000 -0.9952
vn 0.5722 -0.0000 -0.8201
vn 0.9131 -0.0000 -0.4078
vn -1.0000 0.0001 -0.0000
vn -0.5722 -0.0000 0.8201
vn 0.3886 -0.0000 -0.9214
vn 0.9672 -0.0000 -0.2541
vn 0.7558 -0.0000 -0.6549
vn 0.1490 -0.0000 0.9888
vn 0.4796 -0.0000 -0.8775
vt 0.375000 0.781232
vt 0.375000 0.783462
vt 0.375352 0.783463
vt 0.375576 0.779779
vt 0.376288 0.775919
vt 0.377463 0.772173
vt 0.379085 0.768595
vt 0.381129 0.765237
vt 0.383565 0.762148
vt 0.386359 0.759374
vt 0.389469 0.756954
vt 0.392850 0.754924
vt 0.396453 0.753313
vt 0.400225 0.752146
vt 0.404111 0.751439
vt 0.408055 0.751202
vt 0.592664 0.751202
vt 0.592690 0.750000
vt 0.406232 0.750000
vt 0.401788 0.750318
vt 0.397433 0.751265
vt 0.393258 0.752822
vt 0.389347 0.754958
vt 0.385780 0.757629
vt 0.382629 0.760780
vt 0.379958 0.764347
vt 0.377822 0.768258
vt 0.376265 0.772433
vt 0.375318 0.776788
vt 0.157310 0.500000
vt 0.157310 0.750000
vt 0.187771 0.750000
vt 0.187771 0.500000
vt 0.657310 0.500000
vt 0.657310 0.597766
vt 0.658003 0.597766
vt 0.658003 0.500000
vt 0.406232 0.500000
vt 0.592690 0.500000
vt 0.852567 0.750000
vt 0.856742 0.750000
vt 0.856742 0.500000
vt 0.852567 0.500000
vt 0.860653 0.750000
vt 0.860653 0.500000
vt 0.875000 0.750000
vt 0.875000 0.500000
vt 0.625000 0.000000
vt 0.614220 0.000000
vt 0.614220 0.250000
vt 0.625000 0.250000
vt 0.610653 0.000000
vt 0.610653 0.250000
vt 0.606742 0.000000
vt 0.606742 0.250000
vt 0.602567 0.000000
vt 0.602567 0.250000
vt 0.599924 0.000000
vt 0.599924 0.250000
vt 0.343768 0.750000
vt 0.348212 0.750000
vt 0.348212 0.500000
vt 0.343768 0.500000
vt 0.352567 0.750000
vt 0.352567 0.500000
vt 0.356742 0.750000
vt 0.356742 0.500000
vt 0.360653 0.750000
vt 0.360653 0.500000
vt 0.364220 0.750000
vt 0.364220 0.500000
vt 0.385780 0.750000
vt 0.385780 0.500000
vt 0.389347 0.750000
vt 0.389347 0.500000
vt 0.393258 0.750000
vt 0.393258 0.500000
vt 0.397433 0.750000
vt 0.397433 0.500000
vt 0.401788 0.750000
vt 0.401788 0.500000
vt 0.375000 0.282310
vt 0.375000 0.312771
vt 0.389267 0.312771
vt 0.389267 0.373552
vt 0.375000 0.373552
vt 0.375000 0.406114
vt 0.388125 0.406114
vt 0.388125 0.466538
vt 0.375000 0.466538
vt 0.375000 0.468768
vt 0.375318 0.473212
vt 0.376265 0.477567
vt 0.377822 0.481742
vt 0.379958 0.485653
vt 0.382629 0.489220
vt 0.385780 0.492371
vt 0.389347 0.495042
vt 0.393258 0.497178
vt 0.397433 0.498735
vt 0.399374 0.482773
vt 0.397962 0.482677
vt 0.396603 0.482392
vt 0.395351 0.481928
vt 0.394254 0.481304
vt 0.393354 0.480544
vt 0.392685 0.479676
vt 0.392272 0.478735
vt 0.392133 0.477756
vt 0.392273 0.476778
vt 0.392685 0.475836
vt 0.393354 0.474969
vt 0.394254 0.474209
vt 0.395351 0.473585
vt 0.396603 0.473121
vt 0.397962 0.472836
vt 0.399374 0.472739
vt 0.399707 0.275337
vt 0.398644 0.275114
vt 0.397664 0.274751
vt 0.396806 0.274263
vt 0.396101 0.273668
vt 0.395577 0.272989
vt 0.395255 0.272252
vt 0.395146 0.271486
vt 0.395255 0.270720
vt 0.395577 0.269983
vt 0.396101 0.269304
vt 0.396806 0.268710
vt 0.397664 0.268221
vt 0.398644 0.267859
vt 0.399707 0.267635
vt 0.400813 0.267560
vt 0.398207 0.251309
vt 0.393888 0.252920
vt 0.389842 0.255129
vt 0.386151 0.257892
vt 0.382892 0.261151
vt 0.380129 0.264842
vt 0.377920 0.268888
vt 0.376309 0.273207
vt 0.375329 0.277712
vt 0.152712 0.500000
vt 0.152712 0.750000
vt 0.148207 0.500000
vt 0.148207 0.750000
vt 0.143888 0.500000
vt 0.143888 0.750000
vt 0.139842 0.500000
vt 0.139842 0.750000
vt 0.136151 0.500000
vt 0.136151 0.750000
vt 0.125000 0.500000
vt 0.125000 0.750000
vt 0.375000 0.250000
vt 0.389842 0.250000
vt 0.389842 0.000000
vt 0.375000 0.000000
vt 0.393888 0.250000
vt 0.393888 0.000000
vt 0.398207 0.250000
vt 0.398207 0.000000
vt 0.402712 0.250000
vt 0.402712 0.000000
vt 0.407310 0.250000
vt 0.407310 0.000000
vt 0.652712 0.500000
vt 0.652712 0.597766
vt 0.648207 0.500000
vt 0.648207 0.597766
vt 0.643888 0.500000
vt 0.643888 0.597766
vt 0.646774 0.597766
vt 0.639842 0.500000
vt 0.639842 0.597766
vt 0.636151 0.500000
vt 0.636151 0.750000
vt 0.638736 0.750000
vt 0.638736 0.597766
vt 0.613849 0.500000
vt 0.613849 0.750000
vt 0.610158 0.500000
vt 0.610158 0.750000
vt 0.606112 0.500000
vt 0.606112 0.750000
vt 0.601793 0.500000
vt 0.601793 0.750000
vt 0.597288 0.500000
vt 0.597288 0.750000
vt 0.512203 0.250000
vt 0.512203 0.000000
vt 0.375000 0.750000
vt 0.375000 1.000000
vt 0.593605 1.000000
vt 0.593605 0.750000
vt 0.587656 1.000000
vt 0.587656 0.750000
vt 0.377051 0.770366
vt 0.375917 0.774004
vt 0.375230 0.777752
vt 0.375000 0.781555
vt 0.375000 0.782010
vt 0.375425 0.782010
vt 0.375425 0.781312
vt 0.375754 0.776683
vt 0.376733 0.772150
vt 0.377268 0.770707
vt 0.343445 0.750000
vt 0.347248 0.750000
vt 0.347248 0.500770
vt 0.343445 0.500770
vt 0.350996 0.750000
vt 0.350996 0.500770
vt 0.354634 0.750000
vt 0.354634 0.500770
vt 0.358109 0.750000
vt 0.358109 0.500770
vt 0.361370 0.750000
vt 0.361370 0.500770
vt 0.362384 0.750000
vt 0.362384 0.723115
vt 0.364370 0.723115
vt 0.364370 0.500770
vt 0.407706 0.117212
vt 0.407706 0.249230
vt 0.593445 0.249230
vt 0.593445 0.026885
vt 0.488183 0.026885
vt 0.488183 0.117212
vt 0.402752 0.750230
vt 0.406555 0.750000
vt 0.592294 0.750000
vt 0.596236 0.750239
vt 0.590649 0.775183
vt 0.590367 0.775121
vt 0.589120 0.775032
vt 0.587874 0.775122
vt 0.586675 0.775385
vt 0.585571 0.775814
vt 0.584602 0.776390
vt 0.583808 0.777093
vt 0.583218 0.777895
vt 0.582854 0.778765
vt 0.582731 0.779669
vt 0.582854 0.780574
vt 0.583217 0.781444
vt 0.583808 0.782246
vt 0.584603 0.782948
vt 0.585571 0.783525
vt 0.586675 0.783953
vt 0.587874 0.784217
vt 0.587851 0.966683
vt 0.586876 0.966753
vt 0.585938 0.966959
vt 0.585073 0.967295
vt 0.584315 0.967746
vt 0.583694 0.968296
vt 0.583232 0.968923
vt 0.582947 0.969604
vt 0.582851 0.970312
vt 0.582947 0.971021
vt 0.583232 0.971701
vt 0.583694 0.972329
vt 0.584315 0.972878
vt 0.585073 0.973330
vt 0.585938 0.973665
vt 0.586876 0.973872
vt 0.587851 0.973942
vt 0.588827 0.973872
vt 0.589765 0.973665
vt 0.590629 0.973329
vt 0.591387 0.972878
vt 0.591941 0.972388
vt 0.611370 0.994414
vt 0.608109 0.996386
vt 0.604634 0.997949
vt 0.600996 0.999083
vt 0.597248 0.999770
vt 0.593445 1.000000
vt 0.407706 1.000000
vt 0.403764 0.999762
vt 0.399879 0.999050
vt 0.396109 0.997875
vt 0.392507 0.996254
vt 0.389127 0.994210
vt 0.386018 0.991775
vt 0.383225 0.988982
vt 0.380789 0.985873
vt 0.378746 0.982493
vt 0.377126 0.978892
vt 0.375950 0.975121
vt 0.375238 0.971236
vt 0.441358 0.865816
vt 0.442115 0.866267
vt 0.442980 0.866602
vt 0.443918 0.866809
vt 0.444893 0.866879
vt 0.445869 0.866809
vt 0.446807 0.866602
vt 0.447671 0.866267
vt 0.448429 0.865816
vt 0.449051 0.865266
vt 0.449513 0.864638
vt 0.449797 0.863958
vt 0.449893 0.863249
vt 0.449797 0.862542
vt 0.449513 0.861861
vt 0.449051 0.861233
vt 0.448429 0.860683
vt 0.447671 0.860232
vt 0.446807 0.859897
vt 0.445869 0.859690
vt 0.444893 0.859620
vt 0.443918 0.859690
vt 0.442980 0.859897
vt 0.442115 0.860232
vt 0.382936 0.760630
vt 0.385630 0.757936
vt 0.388630 0.755586
vt 0.391891 0.753614
vt 0.395366 0.752051
vt 0.399004 0.750917
vt 0.440736 0.865266
vt 0.375000 0.967294
vt 0.378614 0.766891
vt 0.380586 0.763630
vt 0.441358 0.860683
vt 0.440736 0.861233
vt 0.440274 0.861861
vt 0.439989 0.862541
vt 0.439893 0.863250
vt 0.439989 0.863957
vt 0.440274 0.864638
vt 0.588827 0.966753
vt 0.589120 0.784306
vt 0.590367 0.784218
vt 0.622949 0.979634
vt 0.621386 0.983109
vt 0.619414 0.986370
vt 0.617064 0.989370
vt 0.614370 0.992064
vt 0.592008 0.972328
vt 0.592471 0.971701
vt 0.592755 0.971020
vt 0.592851 0.970312
vt 0.592755 0.969605
vt 0.592471 0.968924
vt 0.592008 0.968296
vt 0.591387 0.967746
vt 0.590629 0.967295
vt 0.589764 0.966960
vt 0.624050 0.774879
vt 0.624762 0.778764
vt 0.625000 0.782706
vt 0.625000 0.968445
vt 0.624770 0.972248
vt 0.624083 0.975996
vt 0.591565 0.783953
vt 0.592670 0.783525
vt 0.593638 0.782948
vt 0.594432 0.782245
vt 0.595023 0.781444
vt 0.595386 0.780574
vt 0.595509 0.779669
vt 0.595386 0.778765
vt 0.595023 0.777895
vt 0.594432 0.777093
vt 0.593638 0.776390
vt 0.592669 0.775814
vt 0.591565 0.775385
vt 0.600121 0.750950
vt 0.603892 0.752126
vt 0.607493 0.753747
vt 0.610873 0.755790
vt 0.613982 0.758225
vt 0.616775 0.761018
vt 0.619210 0.764127
vt 0.621254 0.767507
vt 0.622875 0.771109
vt 0.335386 0.709896
vt 0.157706 0.750000
vt 0.157706 0.500000
vt 0.205430 0.604632
vt 0.205430 0.643719
vt 0.205475 0.645014
vt 0.205610 0.646292
vt 0.205834 0.647539
vt 0.206144 0.648737
vt 0.206535 0.649872
vt 0.207003 0.650929
vt 0.207541 0.651896
vt 0.208144 0.652760
vt 0.208804 0.653511
vt 0.209512 0.654138
vt 0.210259 0.654635
vt 0.211036 0.654994
vt 0.211833 0.655211
vt 0.212640 0.655284
vt 0.237010 0.655284
vt 0.237620 0.655238
vt 0.238225 0.655103
vt 0.238820 0.654879
vt 0.239399 0.654567
vt 0.239957 0.654172
vt 0.240491 0.653695
vt 0.240995 0.653142
vt 0.241464 0.652516
vt 0.241896 0.651823
vt 0.242286 0.651070
vt 0.242631 0.650262
vt 0.242929 0.649406
vt 0.243175 0.648510
vt 0.243369 0.647581
vt 0.243509 0.646628
vt 0.243594 0.645658
vt 0.243622 0.644679
vt 0.279540 0.604042
vt 0.279540 0.709896
vt 0.343445 0.500000
vt 0.335386 0.604042
vt 0.807155 0.603729
vt 0.750979 0.603729
vt 0.657706 0.500000
vt 0.843445 0.500000
vt 0.843445 0.750000
vt 0.807155 0.694303
vt 0.406555 0.500000
vt 0.592294 0.500000
vt 0.847248 0.500000
vt 0.847248 0.750000
vt 0.850996 0.500000
vt 0.850996 0.750000
vt 0.854634 0.500000
vt 0.854634 0.750000
vt 0.858109 0.500000
vt 0.858109 0.750000
vt 0.861370 0.500000
vt 0.861370 0.750000
vt 0.614370 0.250000
vt 0.614370 0.000000
vt 0.611370 0.250000
vt 0.611370 0.000000
vt 0.608109 0.250000
vt 0.608109 0.000000
vt 0.604634 0.250000
vt 0.604634 0.000000
vt 0.600996 0.250000
vt 0.600996 0.000000
vt 0.597248 0.250000
vt 0.597248 0.000000
vt 0.593445 0.250000
vt 0.593445 0.000000
vt 0.347248 0.500000
vt 0.350996 0.500000
vt 0.354634 0.500000
vt 0.358109 0.500000
vt 0.361370 0.500000
vt 0.364370 0.500000
vt 0.364370 0.750000
vt 0.385630 0.500000
vt 0.385630 0.750000
vt 0.388630 0.500000
vt 0.388630 0.750000
vt 0.391891 0.500000
vt 0.391891 0.750000
vt 0.395366 0.500000
vt 0.395366 0.750000
vt 0.399004 0.500000
vt 0.399004 0.750000
vt 0.402752 0.500000
vt 0.402752 0.750000
vt 0.414166 0.489567
vt 0.417523 0.489779
vt 0.402752 0.499770
vt 0.399004 0.499083
vt 0.395366 0.497949
vt 0.391891 0.496386
vt 0.388630 0.494414
vt 0.385630 0.492064
vt 0.382936 0.489370
vt 0.380586 0.486370
vt 0.378614 0.483109
vt 0.377051 0.479634
vt 0.375917 0.475996
vt 0.375230 0.472248
vt 0.375000 0.468445
vt 0.375000 0.282706
vt 0.375238 0.278764
vt 0.375950 0.274879
vt 0.377126 0.271109
vt 0.378746 0.267507
vt 0.380789 0.264127
vt 0.383225 0.261018
vt 0.386018 0.258225
vt 0.389127 0.255790
vt 0.392507 0.253746
vt 0.396109 0.252126
vt 0.399879 0.250950
vt 0.403764 0.250238
vt 0.407706 0.250000
vt 0.582477 0.260221
vt 0.418539 0.260221
vt 0.415059 0.260440
vt 0.411630 0.261094
vt 0.408302 0.262173
vt 0.405123 0.263661
vt 0.402140 0.265537
vt 0.399396 0.267774
vt 0.396931 0.270338
vt 0.394781 0.273193
vt 0.392978 0.276297
vt 0.391547 0.279604
vt 0.390510 0.283066
vt 0.389882 0.286633
vt 0.389671 0.290253
vt 0.389671 0.460804
vt 0.389874 0.464296
vt 0.390481 0.467738
vt 0.391481 0.471078
vt 0.392861 0.474269
vt 0.394601 0.477263
vt 0.396676 0.480018
vt 0.399054 0.482492
vt 0.401701 0.484650
vt 0.404580 0.486460
vt 0.407647 0.487896
vt 0.410858 0.488937
vt 0.153764 0.750000
vt 0.153764 0.500000
vt 0.149879 0.750000
vt 0.149879 0.500000
vt 0.146109 0.750000
vt 0.146109 0.500000
vt 0.142507 0.750000
vt 0.142507 0.500000
vt 0.139127 0.750000
vt 0.139127 0.500000
vt 0.136018 0.750000
vt 0.136018 0.500000
vt 0.389127 0.000000
vt 0.389127 0.250000
vt 0.392507 0.000000
vt 0.392507 0.250000
vt 0.396109 0.000000
vt 0.396109 0.250000
vt 0.399879 0.000000
vt 0.399879 0.250000
vt 0.403764 0.000000
vt 0.403764 0.250000
vt 0.407706 0.000000
vt 0.657706 0.750000
vt 0.653764 0.750000
vt 0.653764 0.500000
vt 0.649879 0.750000
vt 0.649879 0.500000
vt 0.646109 0.750000
vt 0.646109 0.500000
vt 0.642507 0.750000
vt 0.642507 0.500000
vt 0.639127 0.750000
vt 0.639127 0.500000
vt 0.636018 0.750000
vt 0.636018 0.500000
vt 0.613982 0.750000
vt 0.613982 0.500000
vt 0.610873 0.750000
vt 0.610873 0.500000
vt 0.607493 0.750000
vt 0.607493 0.500000
vt 0.603891 0.750000
vt 0.603891 0.500000
vt 0.600121 0.750000
vt 0.600121 0.500000
vt 0.596236 0.750000
vt 0.596236 0.500000
vt 0.412172 0.039791
vt 0.412172 0.146271
vt 0.489570 0.146271
vt 0.489570 0.039791
vt 0.396109 0.249230
vt 0.396109 0.026885
vt 0.392507 0.026885
vt 0.392507 0.249230
vt 0.125000 0.500770
vt 0.125000 0.723115
vt 0.136018 0.723115
vt 0.136018 0.500770
vt 0.149879 0.500770
vt 0.153764 0.500770
vt 0.646109 0.500770
vt 0.646109 0.723115
vt 0.649879 0.723115
vt 0.649879 0.500770
vt 0.406555 0.500770
vt 0.406555 0.723115
vt 0.407750 0.723115
vt 0.592294 0.723115
vt 0.592294 0.500770
vt 0.585834 0.260433
vt 0.597248 0.250230
vt 0.600996 0.250917
vt 0.604634 0.252051
vt 0.608109 0.253614
vt 0.611370 0.255586
vt 0.614370 0.257936
vt 0.617064 0.260630
vt 0.619414 0.263630
vt 0.621386 0.266891
vt 0.622949 0.270366
vt 0.624083 0.274004
vt 0.624770 0.277752
vt 0.625000 0.281555
vt 0.625000 0.467294
vt 0.624761 0.471236
vt 0.624050 0.475121
vt 0.622875 0.478891
vt 0.621254 0.482493
vt 0.619210 0.485873
vt 0.616775 0.488982
vt 0.613982 0.491775
vt 0.610873 0.494210
vt 0.607493 0.496254
vt 0.603892 0.497875
vt 0.600121 0.499050
vt 0.596236 0.499762
vt 0.581461 0.489779
vt 0.584941 0.489560
vt 0.588370 0.488906
vt 0.591698 0.487827
vt 0.594876 0.486339
vt 0.597860 0.484462
vt 0.600604 0.482226
vt 0.603069 0.479662
vt 0.605219 0.476807
vt 0.607022 0.473703
vt 0.608453 0.470396
vt 0.609490 0.466934
vt 0.610118 0.463367
vt 0.610329 0.459747
vt 0.610329 0.289196
vt 0.610126 0.285704
vt 0.609520 0.282262
vt 0.608519 0.278922
vt 0.607139 0.275731
vt 0.605399 0.272737
vt 0.603324 0.269982
vt 0.600946 0.267508
vt 0.598299 0.265350
vt 0.595421 0.263540
vt 0.592354 0.262104
vt 0.589143 0.261063
vt 0.142507 0.500770
vt 0.142507 0.723115
vt 0.146109 0.723115
vt 0.146109 0.500770
vt 0.639127 0.500770
vt 0.639127 0.723115
vt 0.642507 0.723115
vt 0.642507 0.500770
vt 0.607493 0.500770
vt 0.607493 0.723115
vt 0.610873 0.723115
vt 0.610873 0.500770
vt 0.653764 0.723115
vt 0.653764 0.500770
vt 0.399879 0.249230
vt 0.399879 0.026885
vt 0.636018 0.500770
vt 0.636018 0.723115
vt 0.596236 0.500770
vt 0.596236 0.723115
vt 0.600121 0.723115
vt 0.600121 0.500770
vt 0.403764 0.249230
vt 0.403764 0.117212
vt 0.603891 0.723115
vt 0.603891 0.500770
vt 0.139127 0.723115
vt 0.139127 0.500770
vt 0.157706 0.500770
vt 0.201461 0.683685
vt 0.201461 0.633938
vt 0.201491 0.632693
vt 0.201583 0.631458
vt 0.201735 0.630245
vt 0.201947 0.629063
vt 0.202215 0.627922
vt 0.202539 0.626833
vt 0.202915 0.625805
vt 0.203340 0.624846
vt 0.203810 0.623964
vt 0.204322 0.623168
vt 0.204870 0.622464
vt 0.205451 0.621857
vt 0.206060 0.621353
vt 0.206690 0.620957
vt 0.207338 0.620672
vt 0.207996 0.620500
vt 0.208661 0.620442
vt 0.235201 0.620442
vt 0.236081 0.620535
vt 0.236949 0.620811
vt 0.237795 0.621268
vt 0.238608 0.621900
vt 0.239379 0.622698
vt 0.240097 0.623653
vt 0.240754 0.624753
vt 0.241341 0.625984
vt 0.241850 0.627330
vt 0.242276 0.628774
vt 0.242613 0.630299
vt 0.242857 0.631885
vt 0.243004 0.633512
vt 0.243054 0.635160
vt 0.282171 0.633186
vt 0.342990 0.633186
vt 0.342990 0.750000
vt 0.657472 0.633186
vt 0.657706 0.633186
vt 0.657706 0.500770
vt 0.657472 0.723115
vt 0.613982 0.500770
vt 0.613982 0.723115
vt 0.148307 0.723115
vt 0.148307 0.750000
vt 0.718291 0.633186
vt 0.718291 0.723115
vt 0.751067 0.723115
vt 0.751067 0.632788
vt 0.812245 0.632788
vt 0.812245 0.723115
vt 0.843445 0.723115
vt 0.843445 0.500770
vt 0.389127 0.249230
vt 0.389127 0.026885
vt 0.375000 0.026885
vt 0.375000 0.249230
vt 0.400492 0.117212
vt 0.400492 0.026885
vt 0.906250 0.881950
vt 0.906250 0.820151
vt 0.875000 0.820151
vt 0.875000 0.881950
vt 0.843750 0.820151
vt 0.843750 0.881950
vt 0.812500 0.820151
vt 0.812500 0.881950
vt 0.788628 0.881950
vt 0.781250 0.820151
vt 0.781250 0.881950
vt 0.750000 0.820151
vt 0.750000 0.881950
vt 0.718750 0.820151
vt 0.718750 0.881950
vt 0.687500 0.820151
vt 0.687500 0.881950
vt 0.656250 0.820151
vt 0.656250 0.881950
vt 0.625000 0.820151
vt 0.625000 0.881950
vt 0.593750 0.820151
vt 0.593750 0.881950
vt 0.562500 0.820151
vt 0.562500 0.881950
vt 0.531250 0.820151
vt 0.531250 0.881950
vt 0.500000 0.820151
vt 0.500000 0.881950
vt 0.468750 0.820151
vt 0.468750 0.881950
vt 0.437500 0.820151
vt 0.437500 0.881950
vt 0.406250 0.820151
vt 0.406250 0.881950
vt 1.000000 0.946023
vt 1.000000 0.873809
vt 0.968750 0.873809
vt 0.968750 0.946023
vt 0.906250 0.946023
vt 0.906250 0.873809
vt 0.875000 0.873809
vt 0.875000 0.946023
vt 0.843750 0.873809
vt 0.843750 0.946023
vt 0.812500 0.873809
vt 0.812500 0.946023
vt 0.781250 0.873809
vt 0.781250 0.946023
vt 0.750000 0.873809
vt 0.750000 0.946023
vt 0.718750 0.873809
vt 0.718750 0.946023
vt 0.687500 0.873809
vt 0.687500 0.946023
vt 0.656250 0.873809
vt 0.656250 0.946023
vt 0.625000 0.873809
vt 0.625000 0.946023
vt 0.593750 0.873809
vt 0.593750 0.946023
vt 0.562500 0.873809
vt 0.562500 0.946023
vt 0.531250 0.873809
vt 0.531250 0.946023
vt 0.500000 0.873809
vt 0.500000 0.946023
vt 0.468750 0.873809
vt 0.468750 0.946023
vt 0.437500 0.873809
vt 0.437500 0.946023
vt 0.406250 0.873809
vt 0.406250 0.946023
vt 0.218750 0.946023
vt 0.218750 0.873809
vt 0.187500 0.873809
vt 0.187500 0.946023
vt 0.097124 0.946023
vt 0.125000 0.946023
vt 0.125000 0.873809
vt 0.093750 0.873809
vt 0.093750 0.946023
vt 0.906250 0.882232
vt 0.906250 0.820434
vt 0.875000 0.820434
vt 0.875000 0.882232
vt 0.843750 0.820434
vt 0.843750 0.882232
vt 0.812500 0.820434
vt 0.812500 0.882232
vt 0.781250 0.820434
vt 0.781250 0.882232
vt 0.750000 0.820434
vt 0.750000 0.882232
vt 0.718750 0.820434
vt 0.718750 0.882232
vt 0.687500 0.820434
vt 0.687500 0.882232
vt 0.656250 0.820434
vt 0.656250 0.882232
vt 0.625000 0.820434
vt 0.625000 0.882232
vt 0.593750 0.820434
vt 0.593750 0.882232
vt 0.562500 0.820434
vt 0.562500 0.882232
vt 0.531250 0.820434
vt 0.531250 0.882232
vt 0.500000 0.820434
vt 0.500000 0.882232
vt 0.468750 0.820434
vt 0.468750 0.882232
vt 0.437500 0.820434
vt 0.437500 0.882232
vt 0.406250 0.820434
vt 0.406250 0.882232
vt 0.471940 0.500000
vt 0.587656 0.500000
vt 0.587656 0.250000
vt 0.471940 0.250000
vt 0.720884 0.604041
vt 0.665038 0.604042
vt 0.750979 0.710209
vt 0.720884 0.696603
vt 0.470035 0.499035
vt 0.469930 0.500000
vt 0.593605 0.500000
vt 0.593605 0.250000
vt 0.470035 0.250000
vt 0.720884 0.709896
vt 0.807155 0.710209
vt 0.665038 0.709896
vt 0.510559 0.490672
vt 0.507953 0.479433
vt 0.507953 0.250000
vt 0.386304 0.250000
vt 0.386304 0.500000
vt 0.517111 0.500000
vt 0.375000 0.748077
vt 0.375000 0.748077
vt 0.375000 0.666630
vt 0.375000 0.666630
vt 0.375000 0.500000
vt 0.386304 1.000000
vt 0.625000 1.000000
vt 0.625000 0.750000
vt 0.386304 0.750000
vt 0.520902 0.033234
vt 0.523974 0.033234
vt 0.523974 0.001195
vt 0.625000 0.001195
vt 0.400756 0.000000
vt 0.400756 0.250000
vt 0.520902 0.250000
vt 0.400756 0.500000
vt 0.520902 0.500000
vt 0.400756 0.750000
vt 0.625000 0.748805
vt 0.523974 0.748805
vt 0.523974 0.716766
vt 0.520902 0.716766
vt 0.400756 1.000000
vt 0.567129 0.264122
vt 0.454065 0.264122
vt 0.454065 0.267197
vt 0.567129 0.267197
vt 0.567129 0.273987
vt 0.454065 0.273987
vt 0.454065 0.277644
vt 0.567129 0.277644
vt 0.454065 0.963305
vt 0.567129 0.963305
vt 0.567129 0.958087
vt 0.454065 0.958087
vt 0.567129 0.468391
vt 0.454065 0.468391
vt 0.454065 0.473281
vt 0.567129 0.473281
vt 0.454065 0.973281
vt 0.567129 0.973281
vt 0.567129 0.968391
vt 0.454065 0.968391
vt 0.454065 0.031609
vt 0.567129 0.031609
vt 0.567129 0.026719
vt 0.454065 0.026719
vt 0.454065 0.477913
vt 0.567129 0.477913
vt 0.243622 0.605593
vt 0.243576 0.604298
vt 0.243441 0.603019
vt 0.243217 0.601773
vt 0.242908 0.600575
vt 0.242517 0.599440
vt 0.242049 0.598382
vt 0.241510 0.597415
vt 0.240907 0.596551
vt 0.240248 0.595801
vt 0.239540 0.595173
vt 0.238793 0.594677
vt 0.238016 0.594318
vt 0.237219 0.594101
vt 0.236411 0.594028
vt 0.212041 0.594028
vt 0.211431 0.594073
vt 0.210826 0.594209
vt 0.210232 0.594433
vt 0.209653 0.594744
vt 0.209094 0.595140
vt 0.208561 0.595617
vt 0.208057 0.596170
vt 0.207587 0.596796
vt 0.207155 0.597488
vt 0.206765 0.598242
vt 0.206420 0.599050
vt 0.206123 0.599906
vt 0.205876 0.600802
vt 0.205682 0.601730
vt 0.205542 0.602684
vt 0.205458 0.603654
vt 0.567129 0.218566
vt 0.454065 0.218566
vt 0.454065 0.222356
vt 0.567129 0.222356
vt 0.567129 0.522087
vt 0.454065 0.522087
vt 0.454065 0.526719
vt 0.567129 0.526719
vt 0.454065 0.206722
vt 0.567129 0.206722
vt 0.567129 0.047198
vt 0.454065 0.047198
vt 0.567129 0.732803
vt 0.454065 0.732803
vt 0.454065 0.735878
vt 0.567129 0.735878
vt 0.243054 0.684907
vt 0.243023 0.686153
vt 0.242931 0.687387
vt 0.242779 0.688601
vt 0.242568 0.689783
vt 0.242299 0.690923
vt 0.241975 0.692012
vt 0.241599 0.693040
vt 0.241175 0.693999
vt 0.240704 0.694881
vt 0.240193 0.695677
vt 0.239644 0.696382
vt 0.239063 0.696988
vt 0.238454 0.697492
vt 0.237824 0.697888
vt 0.237176 0.698173
vt 0.236518 0.698346
vt 0.235853 0.698403
vt 0.209313 0.698403
vt 0.208434 0.698311
vt 0.207566 0.698034
vt 0.206719 0.697577
vt 0.205906 0.696946
vt 0.205135 0.696147
vt 0.204417 0.695192
vt 0.203760 0.694092
vt 0.203174 0.692862
vt 0.202664 0.691516
vt 0.202238 0.690071
vt 0.201901 0.688546
vt 0.201657 0.686960
vt 0.201510 0.685333
vt 0.282171 0.750000
vt 0.567129 0.463305
vt 0.454065 0.463305
vt 0.454065 0.982230
vt 0.567129 0.982230
vt 0.567129 0.977913
vt 0.454065 0.977913
vt 0.454065 0.952802
vt 0.567129 0.952802
vt 0.567129 0.793278
vt 0.454065 0.793278
vt 0.567129 0.041913
vt 0.454065 0.041913
vt 0.567129 0.036695
vt 0.454065 0.036695
vt 0.567129 0.285326
vt 0.454065 0.285326
vt 0.454065 0.289285
vt 0.567129 0.289285
vt 0.567129 0.210715
vt 0.454065 0.210715
vt 0.454065 0.214674
vt 0.567129 0.214674
vt 0.567129 0.781434
vt 0.454065 0.781434
vt 0.454065 0.785326
vt 0.567129 0.785326
vt 0.454065 0.226013
vt 0.567129 0.226013
vt 0.567129 0.764122
vt 0.454065 0.764122
vt 0.454065 0.767197
vt 0.567129 0.767197
vt 0.567129 0.531609
vt 0.454065 0.531609
vt 0.454065 0.536695
vt 0.567129 0.536695
vt 0.567129 0.718566
vt 0.454065 0.718566
vt 0.454065 0.722356
vt 0.567129 0.722356
vt 0.567129 0.235878
vt 0.454065 0.235878
vt 0.454065 0.541913
vt 0.567129 0.541913
vt 0.567129 0.770495
vt 0.454065 0.770495
vt 0.454065 0.773987
vt 0.567129 0.773987
vt 0.454065 0.452802
vt 0.567129 0.452802
vt 0.567129 0.293278
vt 0.454065 0.293278
vt 0.567129 0.229505
vt 0.454065 0.229505
vt 0.454065 0.232803
vt 0.567129 0.232803
vt 0.454065 0.022087
vt 0.567129 0.022087
vt 0.567129 0.017770
vt 0.454065 0.017770
vt 0.567129 0.710715
vt 0.454065 0.710715
vt 0.454065 0.714674
vt 0.567129 0.714674
vt 0.454065 0.777644
vt 0.567129 0.777644
vt 0.454065 0.281434
vt 0.567129 0.281434
vt 0.567129 0.482230
vt 0.454065 0.482230
vt 0.454065 0.500000
vt 0.567129 0.500000
vt 0.454065 0.706722
vt 0.567129 0.706722
vt 0.567129 0.547198
vt 0.454065 0.547198
vt 0.454065 1.000000
vt 0.567129 1.000000
vt 0.567129 0.000000
vt 0.454065 0.000000
vt 0.567129 0.729505
vt 0.454065 0.729505
vt 0.454065 0.517770
vt 0.567129 0.517770
vt 0.567129 0.726013
vt 0.454065 0.726013
vt 0.567129 0.789285
vt 0.454065 0.789285
vt 0.454065 0.458087
vt 0.567129 0.458087
vt 0.567129 0.270495
vt 0.454065 0.270495
vt 0.250000 0.820151
vt 0.218750 0.820151
vt 0.218750 0.881950
vt 0.250000 0.881950
vt 0.375000 0.820434
vt 0.343750 0.820434
vt 0.343750 0.882232
vt 0.375000 0.882232
vt 0.385630 0.723115
vt 0.388630 0.723115
vt 0.388630 0.500770
vt 0.385630 0.500770
vt 0.281250 0.820151
vt 0.281250 0.881950
vt 0.062500 0.820151
vt 0.031250 0.820151
vt 0.031250 0.881950
vt 0.062500 0.881950
vt 0.312500 0.820434
vt 0.312500 0.882232
vt 0.854634 0.723115
vt 0.858109 0.723115
vt 0.858109 0.500770
vt 0.854634 0.500770
vt 0.395366 0.723115
vt 0.399004 0.723115
vt 0.399004 0.500770
vt 0.395366 0.500770
vt 0.375000 0.001923
vt 0.474286 0.001923
vt 0.474286 0.083370
vt 0.471940 0.083370
vt 0.587656 0.037344
vt 0.587656 0.000000
vt 0.156250 0.873809
vt 0.156250 0.946023
vt 0.847248 0.723115
vt 0.847248 0.500770
vt 0.312500 0.873809
vt 0.281250 0.873809
vt 0.281250 0.946023
vt 0.312500 0.946023
vt 0.469930 0.666876
vt 0.472541 0.666876
vt 0.472541 0.748805
vt 0.375000 0.748805
vt 0.391891 0.723115
vt 0.391891 0.500770
vt 0.281250 0.820434
vt 0.281250 0.882232
vt 0.614370 0.026885
vt 0.611370 0.026885
vt 0.611370 0.249230
vt 0.614370 0.249230
vt 0.608109 0.026885
vt 0.604634 0.026885
vt 0.604634 0.249230
vt 0.608109 0.249230
vt 0.402752 0.723115
vt 0.402752 0.500770
vt 0.187500 0.820151
vt 0.187500 0.881950
vt 0.937500 0.820434
vt 0.937500 0.882232
vt 0.375000 0.873809
vt 0.343750 0.873809
vt 0.343750 0.946023
vt 0.375000 0.946023
vt 0.375000 0.083370
vt 0.375000 0.083370
vt 0.375000 0.001923
vt 0.375000 0.001923
vt 0.375000 0.820151
vt 0.375000 0.881950
vt 0.125000 0.820151
vt 0.093750 0.820151
vt 0.093750 0.881950
vt 0.125000 0.881950
vt 0.968750 0.820434
vt 0.968750 0.882232
vt 0.375000 0.001195
vt 0.472541 0.001195
vt 0.472541 0.083124
vt 0.470035 0.083124
vt 0.593605 0.031395
vt 0.593605 0.000000
vt 0.250000 0.873809
vt 0.250000 0.946023
vt 0.156250 0.820151
vt 0.156250 0.881950
vt 0.937500 0.873809
vt 0.937500 0.946023
vt 0.218750 0.820434
vt 0.187500 0.820434
vt 0.187500 0.882232
vt 0.218750 0.882232
vt 0.848212 0.597766
vt 0.848212 0.500000
vt 0.843768 0.500000
vt 0.843768 0.597766
vt 0.850996 0.723115
vt 0.850996 0.500770
vt 0.597248 0.026885
vt 0.597248 0.249230
vt 0.375000 0.843886
vt 0.375000 0.876448
vt 0.375337 0.876448
vt 0.375337 0.843886
vt 0.375000 0.937229
vt 0.375000 0.967690
vt 0.375329 0.972288
vt 0.376309 0.976793
vt 0.377920 0.981112
vt 0.380129 0.985158
vt 0.382892 0.988849
vt 0.386151 0.992108
vt 0.389842 0.994871
vt 0.393888 0.997080
vt 0.398207 0.998691
vt 0.402712 0.999671
vt 0.407310 1.000000
vt 0.512203 1.000000
vt 0.512203 0.999576
vt 0.406903 0.999576
vt 0.403098 0.999347
vt 0.399349 0.998665
vt 0.395710 0.997539
vt 0.392234 0.995985
vt 0.388972 0.994026
vt 0.385971 0.991692
vt 0.383276 0.989015
vt 0.380925 0.986035
vt 0.378953 0.982795
vt 0.377388 0.979343
vt 0.376254 0.975728
vt 0.375567 0.972005
vt 0.375337 0.968226
vt 0.375337 0.937229
vt 1.000000 0.820151
vt 0.968750 0.820151
vt 0.968750 0.881950
vt 1.000000 0.881950
vt 0.718427 0.500000
vt 0.718427 0.597766
vt 0.125000 0.748805
vt 0.093750 0.820434
vt 0.062500 0.820434
vt 0.062500 0.882232
vt 0.093750 0.882232
vt 0.376441 0.976694
vt 0.375743 0.973464
vt 0.375425 0.968990
vt 0.375425 0.842829
vt 0.375000 0.842829
vt 0.031250 0.873809
vt 0.000000 0.873809
vt 0.000000 0.946023
vt 0.031250 0.946023
vt 0.625000 0.026885
vt 0.625000 0.249230
vt 0.937500 0.820151
vt 0.937500 0.881950
vt 0.600996 0.026885
vt 0.600996 0.249230
vt 0.156250 0.820434
vt 0.156250 0.882232
vt 0.625000 0.748077
vt 0.625000 0.748077
vt 0.861370 0.723115
vt 0.861370 0.500770
vt 0.375000 0.748077
vt 0.125000 0.748077
vt 0.031250 0.820434
vt 0.000000 0.820434
vt 0.000000 0.882232
vt 0.031250 0.882232
vt 0.000000 0.820151
vt 0.000000 0.881950
vt 0.599924 0.999310
vt 0.602567 0.998735
vt 0.606742 0.997178
vt 0.610653 0.995042
vt 0.614220 0.992371
vt 0.617371 0.989220
vt 0.620042 0.985653
vt 0.622178 0.981742
vt 0.623735 0.977567
vt 0.623984 0.976421
vt 0.623299 0.978605
vt 0.621677 0.982183
vt 0.619633 0.985541
vt 0.617197 0.988630
vt 0.614403 0.991404
vt 0.611293 0.993824
vt 0.607912 0.995854
vt 0.604309 0.997464
vt 0.600537 0.998632
vt 0.599924 0.998743
vt 0.619043 0.763736
vt 0.617108 0.761151
vt 0.613848 0.757891
vt 0.610158 0.755129
vt 0.606112 0.752920
vt 0.601793 0.751309
vt 0.597288 0.750329
vt 0.593859 0.751202
vt 0.597664 0.751430
vt 0.601413 0.752113
vt 0.605052 0.753239
vt 0.608528 0.754793
vt 0.611790 0.756751
vt 0.614791 0.759086
vt 0.617487 0.761763
vt 0.125000 0.820434
vt 0.125000 0.882232
vt 0.343750 0.820151
vt 0.343750 0.881950
vt 0.875000 0.748805
vt 0.401788 0.499682
vt 0.562838 0.391251
vt 0.561732 0.391176
vt 0.560669 0.390952
vt 0.559690 0.390590
vt 0.558831 0.390101
vt 0.558126 0.389506
vt 0.557602 0.388827
vt 0.557280 0.388091
vt 0.557171 0.387325
vt 0.557280 0.386559
vt 0.557602 0.385822
vt 0.558126 0.385143
vt 0.558831 0.384548
vt 0.559689 0.384060
vt 0.560669 0.383697
vt 0.561732 0.383474
vt 0.562838 0.383398
vt 0.599597 0.261065
vt 0.512203 0.261065
vt 0.402712 0.250329
vt 0.401918 0.267635
vt 0.402981 0.267858
vt 0.403961 0.268221
vt 0.404820 0.268710
vt 0.405525 0.269305
vt 0.406048 0.269983
vt 0.406371 0.270720
vt 0.406480 0.271486
vt 0.406371 0.272252
vt 0.406048 0.272988
vt 0.405525 0.273668
vt 0.404820 0.274262
vt 0.403961 0.274751
vt 0.402982 0.275114
vt 0.401918 0.275337
vt 0.400813 0.275413
vt 0.400787 0.472835
vt 0.402145 0.473121
vt 0.403397 0.473585
vt 0.404494 0.474209
vt 0.405395 0.474969
vt 0.406064 0.475836
vt 0.406476 0.476778
vt 0.406615 0.477756
vt 0.406476 0.478735
vt 0.406064 0.479676
vt 0.405395 0.480544
vt 0.404495 0.481304
vt 0.403397 0.481928
vt 0.402145 0.482392
vt 0.400787 0.482677
vt 0.597288 0.499671
vt 0.601793 0.498691
vt 0.606112 0.497080
vt 0.610158 0.494871
vt 0.613849 0.492108
vt 0.617108 0.488849
vt 0.619871 0.485158
vt 0.622080 0.481112
vt 0.623691 0.476793
vt 0.624671 0.472288
vt 0.625000 0.467690
vt 0.625000 0.466997
vt 0.611018 0.466997
vt 0.611018 0.406573
vt 0.625000 0.406573
vt 0.625000 0.281232
vt 0.624682 0.276788
vt 0.623735 0.272433
vt 0.622178 0.268258
vt 0.620042 0.264347
vt 0.617371 0.260780
vt 0.614220 0.257629
vt 0.610653 0.254958
vt 0.606742 0.252822
vt 0.602567 0.251265
vt 0.599924 0.250690
vt 0.599924 0.261065
vt 0.563943 0.383474
vt 0.565006 0.383697
vt 0.565986 0.384060
vt 0.566845 0.384548
vt 0.567550 0.385143
vt 0.568073 0.385822
vt 0.568396 0.386559
vt 0.568505 0.387325
vt 0.568396 0.388091
vt 0.568073 0.388828
vt 0.567550 0.389506
vt 0.566845 0.390101
vt 0.565986 0.390590
vt 0.565006 0.390952
vt 0.563943 0.391176
vt 0.250000 0.820434
vt 0.250000 0.882232
vt 0.312500 0.820151
vt 0.312500 0.881950
vt 0.062500 0.873809
vt 0.062500 0.946023
vt 0.248552 0.750000
vt 0.281114 0.750000
vt 0.281114 0.500000
vt 0.248552 0.500000
vt 0.341538 0.750000
vt 0.341538 0.500000
vt 0.851421 0.750000
vt 0.851421 0.597766
vt 0.471940 0.666630
vt 0.474286 0.666630
vt 0.474286 0.748077
vt 0.378344 0.767802
vt 0.380552 0.763730
vt 0.381380 0.762616
vt 0.875000 0.723115
vt 0.875000 0.500770
vt 1.000000 0.820434
vt 1.000000 0.882232
s 0
usemtl Material.001
f 19/1/1 574/2/1 575/3/1 690/4/1 689/5/1 701/6/1 703/7/1 704/8/1 702/9/1 705/10/1 695/11/1 696/12/1 697/13/1 698/14/1 699/15/1 706/16/1 707/17/1 67/18/1 20/19/1 30/20/1 29/21/1 28/22/1 27/23/1 26/24/1 25/25/1 24/26/1 23/27/1 22/28/1 21/29/1
f 55/30/2 44/31/2 568/32/2 579/33/2
f 74/34/3 648/35/3 649/36/3 646/37/3
f 31/38/4 20/19/4 67/18/4 75/39/4
f 1/40/5 2/41/5 16/42/5 17/43/5
f 2/41/6 3/44/6 15/45/6 16/42/6
f 3/44/7 4/46/7 14/47/7 15/45/7
f 4/48/8 5/49/8 13/50/8 14/51/8
f 5/49/9 6/52/9 12/53/9 13/50/9
f 6/52/10 7/54/10 11/55/10 12/53/10
f 7/54/11 8/56/11 10/57/11 11/55/11
f 8/56/12 554/58/12 564/59/12 10/57/12
f 19/60/13 21/61/13 42/62/13 32/63/13
f 21/61/14 22/64/14 41/65/14 42/62/14
f 22/64/15 23/66/15 40/67/15 41/65/15
f 23/66/16 24/68/16 39/69/16 40/67/16
f 24/68/17 25/70/17 38/71/17 39/69/17
f 25/70/18 26/72/18 37/73/18 38/71/18
f 26/72/19 27/74/19 36/75/19 37/73/19
f 27/74/20 28/76/20 35/77/20 36/75/20
f 28/76/21 29/78/21 34/79/21 35/77/21
f 29/78/22 30/80/22 33/81/22 34/79/22
f 30/80/23 20/19/23 31/38/23 33/81/23
f 55/82/24 579/83/24 694/84/24 693/85/24 578/86/24 577/87/24 692/88/24 691/89/24 576/90/24 32/91/24 42/92/24 41/93/24 40/94/24 39/95/24 38/96/24 37/97/24 36/98/24 35/99/24 34/100/24 672/101/24 671/102/24 661/103/24 666/104/24 667/105/24 668/106/24 660/107/24 669/108/24 658/109/24 657/110/24 664/111/24 662/112/24 659/113/24 665/114/24 663/115/24 670/116/24 688/117/24 602/118/24 590/119/24 596/120/24 597/121/24 583/122/24 584/123/24 586/124/24 580/125/24 581/126/24 582/127/24 585/128/24 608/129/24 610/130/24 591/131/24 592/132/24 594/133/24 65/134/24 64/135/24 63/136/24 62/137/24 61/138/24 60/139/24 59/140/24 58/141/24 57/142/24
f 55/30/25 57/143/25 54/144/25 44/31/25
f 57/143/26 58/145/26 53/146/26 54/144/26
f 58/145/27 59/147/27 52/148/27 53/146/27
f 59/147/28 60/149/28 51/150/28 52/148/28
f 60/149/29 61/151/29 50/152/29 51/150/29
f 61/151/30 62/153/30 49/154/30 50/152/30
f 62/155/31 63/156/31 48/157/31 49/158/31
f 63/156/32 64/159/32 47/160/32 48/157/32
f 64/159/33 65/161/33 46/162/33 47/160/33
f 65/161/34 66/163/34 45/164/34 46/162/34
f 66/163/35 56/165/35 43/166/35 45/164/35
f 74/34/36 76/167/36 650/168/36 648/35/36
f 76/167/37 77/169/37 651/170/37 650/168/37
f 77/169/38 78/171/38 655/172/38 656/173/38 651/170/38
f 78/171/39 79/174/39 654/175/39 655/172/39
f 79/174/40 80/176/40 73/177/40 652/178/40 653/179/40 654/175/40
f 80/176/41 81/180/41 72/181/41 73/177/41
f 81/180/42 82/182/42 71/183/42 72/181/42
f 82/182/43 83/184/43 70/185/43 71/183/43
f 83/184/44 84/186/44 69/187/44 70/185/44
f 84/186/45 85/188/45 68/189/45 69/187/45
f 85/188/46 75/39/46 67/18/46 68/189/46
f 43/166/47 56/165/47 548/190/47 546/191/47
f 89/192/24 86/193/24 383/194/24 381/195/24
f 91/192/24 90/193/24 375/196/24 373/197/24
f 97/198/24 96/199/24 95/200/24 94/201/24 393/202/24 649/203/24 648/204/24 650/205/24 651/206/24 656/207/24
f 94/208/48 95/209/48 251/210/48 250/211/48
f 95/209/49 96/212/49 246/213/49 251/210/49
f 96/212/50 97/214/50 236/215/50 246/213/50
f 97/214/51 98/216/51 235/217/51 236/215/51
f 98/216/52 99/218/52 234/219/52 235/217/52
f 99/218/53 653/220/53 652/221/53 715/222/53 233/223/53 234/219/53
f 385/224/47 263/225/47 261/226/47 532/227/47 547/228/47 384/229/47
f 144/230/1 132/231/1 187/232/1 189/233/1 297/234/1 295/235/1 294/236/1 296/237/1 299/238/1 292/239/1 301/240/1 288/241/1 290/242/1 286/243/1 303/244/1 281/245/1 283/246/1 278/247/1 285/248/1 274/249/1 276/250/1 272/251/1 328/252/1 330/253/1 332/254/1 326/255/1 334/256/1 322/257/1 324/258/1 320/259/1 335/260/1 315/261/1 317/262/1 311/263/1 319/264/1 307/265/1 309/266/1 305/267/1 304/268/1 306/269/1 308/270/1 310/271/1 312/272/1 313/273/1 112/274/1 113/275/1 114/276/1 115/277/1 116/278/1 104/279/1 159/280/1 161/281/1 162/282/1 163/283/1 164/284/1 165/285/1 166/286/1 167/287/1 168/288/1 169/289/1 170/290/1 171/291/1 172/292/1 351/293/1 340/294/1 342/295/1 338/296/1 337/297/1 339/298/1 343/299/1 341/300/1 352/301/1 345/302/1 349/303/1 347/304/1 368/305/1 354/306/1 358/307/1 356/308/1 367/309/1 360/310/1 365/311/1 363/312/1 361/313/1 362/314/1 364/315/1 359/316/1 138/317/1 139/318/1 140/319/1 141/320/1 142/321/1 143/322/1
f 344/323/1 351/293/1 172/292/1 160/324/1 131/201/1 133/200/1 134/199/1 135/198/1 136/325/1 137/326/1 138/317/1 359/316/1 366/327/1 355/328/1 357/329/1 353/330/1 350/331/1 346/332/1 348/333/1
f 329/334/1 328/252/1 272/251/1 271/335/1 273/336/1 107/337/1 108/338/1 109/339/1 110/340/1 111/341/1 112/274/1 313/273/1 318/342/1 316/343/1 314/344/1 336/345/1 321/346/1 325/347/1 323/348/1 333/349/1 327/350/1 331/351/1
f 199/352/1 200/353/1 188/354/1 103/355/1 105/356/1 106/357/1 107/337/1 273/336/1 275/358/1 277/359/1 279/360/1 284/361/1 282/362/1 280/363/1 302/364/1 287/365/1 291/366/1 289/367/1 300/368/1 293/369/1 298/370/1 297/234/1 189/233/1 190/371/1 191/372/1 192/373/1 193/374/1 194/375/1 195/376/1 196/377/1 197/378/1 198/379/1
f 395/380/2 131/208/2 160/381/2 173/382/2 462/383/2 466/384/2 470/385/2 476/386/2 478/387/2 484/388/2 488/389/2 494/390/2 530/391/2 528/392/2 524/393/2 526/394/2 520/395/2 522/396/2 516/397/2 518/398/2 514/399/2 510/400/2 512/401/2 508/402/2 504/403/2 506/404/2 502/405/2 500/406/2 498/407/2 496/408/2 492/409/2 490/410/2 486/411/2 482/412/2 480/413/2 474/414/2 472/415/2 468/416/2 394/417/2 397/418/2
f 146/419/2 131/208/2 395/380/2 396/420/2
f 369/421/3 371/422/3 201/423/3 118/424/3 103/425/3 374/426/3
f 145/427/47 202/428/47 187/232/47 132/231/47
f 103/425/54 118/424/54 130/429/54 105/430/54
f 105/430/55 130/429/55 129/431/55 106/432/55
f 106/432/56 129/431/56 128/433/56 107/434/56
f 107/434/57 128/433/57 127/435/57 108/436/57
f 108/436/58 127/435/58 126/437/58 109/438/58
f 109/438/59 126/437/59 125/47/59 110/46/59
f 110/48/60 125/51/60 124/439/60 111/440/60
f 111/440/61 124/439/61 123/441/61 112/442/61
f 112/442/62 123/441/62 122/443/62 113/444/62
f 113/444/63 122/443/63 121/445/63 114/446/63
f 114/446/64 121/445/64 120/447/64 115/448/64
f 115/448/65 120/447/65 119/449/65 116/450/65
f 116/450/66 119/449/66 117/451/66 104/452/66
f 131/208/67 146/419/67 158/453/67 133/209/67
f 133/209/68 158/453/68 157/454/68 134/212/68
f 134/212/69 157/454/69 156/455/69 135/214/69
f 135/214/70 156/455/70 155/456/70 136/216/70
f 136/216/71 155/456/71 154/457/71 137/218/71
f 137/218/72 154/457/72 153/458/72 138/459/72
f 138/459/73 153/458/73 152/460/73 139/461/73
f 139/461/74 152/460/74 151/462/74 140/463/74
f 140/463/75 151/462/75 150/464/75 141/465/75
f 141/465/76 150/464/76 149/466/76 142/467/76
f 142/467/77 149/466/77 148/468/77 143/469/77
f 143/469/78 148/468/78 147/470/78 144/471/78
f 144/471/79 147/470/79 145/427/79 132/231/79
f 217/472/24 218/473/24 145/427/24 147/474/24 148/475/24 149/476/24 150/477/24 151/478/24 152/479/24 153/480/24 154/481/24 155/482/24 156/483/24 157/484/24 158/485/24 146/486/24 173/487/24 175/488/24 176/489/24 177/490/24 178/491/24 179/492/24 180/493/24 181/494/24 182/495/24 183/496/24 184/497/24 185/498/24 186/499/24 174/500/24 117/451/24 261/501/24 263/502/24 262/503/24 264/504/24 265/505/24 267/506/24 266/507/24 268/508/24 269/509/24 270/510/24 244/511/24 245/512/24 247/513/24 248/514/24 249/515/24 250/516/24 251/517/24 246/518/24 236/519/24 235/520/24 234/521/24 233/522/24 231/523/24 232/524/24 230/525/24 221/526/24 219/527/24
f 173/382/80 160/381/80 172/528/80 175/529/80
f 175/529/81 172/528/81 171/530/81 176/531/81
f 176/531/82 171/530/82 170/532/82 177/533/82
f 177/533/83 170/532/83 169/534/83 178/535/83
f 178/535/84 169/534/84 168/536/84 179/537/84
f 179/537/85 168/536/85 167/538/85 180/539/85
f 180/539/86 167/538/86 166/154/86 181/153/86
f 181/155/87 166/158/87 165/540/87 182/541/87
f 182/541/88 165/540/88 164/542/88 183/543/88
f 183/543/89 164/542/89 163/544/89 184/545/89
f 184/545/90 163/544/90 162/546/90 185/547/90
f 185/547/91 162/546/91 161/548/91 186/549/91
f 186/549/92 161/548/92 159/550/92 174/500/92
f 201/423/93 188/551/93 200/552/93 203/553/93
f 203/553/94 200/552/94 199/554/94 204/555/94
f 204/555/95 199/554/95 198/556/95 205/557/95
f 205/557/96 198/556/96 197/558/96 206/559/96
f 206/559/97 197/558/97 196/560/97 207/561/97
f 207/561/98 196/560/98 195/562/98 208/563/98
f 208/563/99 195/562/99 194/564/99 209/565/99
f 209/565/100 194/564/100 193/566/100 210/567/100
f 210/567/101 193/566/101 192/568/101 211/569/101
f 211/569/102 192/568/102 191/570/102 212/571/102
f 212/571/103 191/570/103 190/572/103 213/573/103
f 213/573/104 190/572/104 189/574/104 214/575/104
f 214/575/105 189/574/105 187/232/105 202/428/105
f 387/576/4 159/550/4 104/452/4 117/451/4 174/500/4 388/577/4 389/578/4 386/579/4
f 388/577/4 174/500/4 159/550/4 387/576/4
f 265/580/106 555/581/106 562/582/106 267/583/106
f 268/584/107 557/585/107 559/586/107 269/587/107
f 247/588/108 101/530/108 102/528/108 248/589/108
f 223/590/109 701/591/109 689/592/109 242/593/109
f 218/594/4 708/595/4 707/596/4 706/597/4 216/598/4
f 259/599/24 261/501/24 117/451/24 119/600/24 120/601/24 121/602/24 122/603/24 123/604/24 124/605/24 125/606/24 126/607/24 127/608/24 128/609/24 129/610/24 130/611/24 118/612/24 201/613/24 203/614/24 204/615/24 205/616/24 206/617/24 207/618/24 208/619/24 209/620/24 210/621/24 211/622/24 212/623/24 213/624/24 214/625/24 202/428/24 145/427/24 218/473/24 216/626/24 215/627/24 220/628/24 228/629/24 229/630/24 227/631/24 226/632/24 225/633/24 224/634/24 222/635/24 223/636/24 242/637/24 239/638/24 238/639/24 237/640/24 240/641/24 241/642/24 243/643/24 252/644/24 253/645/24 256/646/24 254/647/24 255/648/24 257/649/24 258/650/24 260/651/24
f 244/652/110 556/653/110 558/654/110 245/655/110
f 224/656/111 704/657/111 703/658/111 222/659/111
f 229/660/112 696/661/112 695/662/112 227/663/112
f 242/593/113 689/592/113 690/664/113 239/665/113
f 264/666/114 552/667/114 555/581/114 265/580/114
f 225/668/115 702/669/115 704/657/115 224/656/115
f 215/670/116 699/671/116 698/672/116 220/673/116
f 262/674/117 263/225/117 385/224/117 390/675/117
f 220/673/118 698/672/118 697/676/118 228/677/118
f 269/587/119 559/586/119 560/678/119 270/679/119
f 94/208/3 250/211/3 249/680/3 100/381/3 467/681/3 463/682/3 459/683/3 457/684/3 453/685/3 449/686/3 447/687/3 443/688/3 439/689/3 435/690/3 433/691/3 429/692/3 425/693/3 423/694/3 421/695/3 419/696/3 409/697/3 405/698/3 407/699/3 401/700/3 403/701/3 411/702/3 417/703/3 413/704/3 415/705/3 427/706/3 431/707/3 437/708/3 441/709/3 445/710/3 451/711/3 455/712/3 461/713/3 465/714/3 398/715/3 399/716/3 393/717/3
f 380/718/120 379/719/120 238/720/120 239/665/120 690/664/120 575/721/120
f 270/679/121 560/678/121 556/653/121 244/652/121
f 228/677/122 697/676/122 696/661/122 229/660/122
f 226/722/123 705/723/123 702/669/123 225/668/123
f 248/589/124 102/528/124 100/381/124 249/680/124
f 245/655/125 558/654/125 563/724/125 565/725/125 101/530/125 247/588/125
f 377/726/2 573/727/2 571/728/2 372/729/2 370/730/2 569/731/2 533/732/2 237/733/2 238/720/2 379/719/2
f 266/734/126 561/735/126 557/736/126 268/737/126
f 267/583/127 562/582/127 561/735/127 266/734/127
f 391/738/128 553/739/128 552/667/128 264/666/128 262/674/128 390/675/128
f 222/659/129 703/658/129 701/591/129 223/590/129
f 227/663/130 695/662/130 705/723/130 226/722/130
f 216/598/131 706/597/131 699/671/131 215/670/131
f 372/856/1 371/857/1 369/858/1 370/859/1
f 376/860/3 378/861/3 201/423/3 371/422/3 373/862/3 382/863/3
f 379/864/1 380/865/1 378/866/1 376/867/1 377/868/1
f 383/869/3 382/863/3 373/862/3 375/870/3 374/426/3 103/425/3 188/551/3 201/423/3 378/861/3 381/871/3
f 433/902/151 432/903/151 428/904/151 429/905/151
f 423/906/152 422/907/152 420/908/152 421/909/152
f 522/910/153 523/911/153 517/912/153 516/913/153
f 417/914/154 416/915/154 412/916/154 413/917/154
f 526/918/155 527/919/155 521/920/155 520/921/155
f 478/922/156 479/923/156 485/924/156 484/925/156
f 413/917/157 412/916/157 414/926/157 415/927/157
f 394/417/2 468/416/2 464/928/2 460/929/2 454/930/2 450/931/2 444/932/2 440/933/2 436/934/2 430/935/2 426/936/2 414/937/2 412/938/2 416/939/2 410/940/2 402/941/2 400/942/2 406/943/2 404/944/2 408/945/2 418/946/2 420/947/2 422/948/2 424/949/2 428/950/2 432/951/2 434/952/2 438/953/2 442/954/2 446/955/2 448/956/2 452/957/2 456/958/2 458/959/2 462/383/2 173/382/2 146/419/2 396/420/2
f 453/960/158 452/961/158 448/962/158 449/963/158
f 441/964/159 440/965/159 444/966/159 445/967/159
f 462/968/47 463/969/47 467/970/47 466/971/47
f 493/972/160 492/973/160 496/974/160 497/975/160
f 398/715/3 465/714/3 469/976/3 473/977/3 475/978/3 481/979/3 483/980/3 487/981/3 491/982/3 493/983/3 497/984/3 499/985/3 501/986/3 503/987/3 507/988/3 505/989/3 509/990/3 513/991/3 511/992/3 515/993/3 519/994/3 517/995/3 523/996/3 521/997/3 527/998/3 525/999/3 529/1000/3 531/1001/3 495/1002/3 489/1003/3 485/1004/3 479/1005/3 477/1006/3 471/1007/3 467/681/3 100/381/3 392/1008/3
f 411/1009/161 410/1010/161 416/915/161 417/914/161
f 528/1011/162 529/1012/162 525/1013/162 524/1014/162
f 518/1015/24 519/1016/24 515/1017/24 514/1018/24
f 466/971/163 467/970/163 471/1019/163 470/1020/163
f 470/1020/164 471/1019/164 477/1021/164 476/1022/164
f 476/1022/165 477/1021/165 479/923/165 478/922/165
f 409/1023/166 408/1024/166 404/1025/166 405/1026/166
f 459/1027/167 458/1028/167 456/1029/167 457/1030/167
f 509/1031/168 508/1032/168 512/1033/168 513/1034/168
f 449/963/169 448/962/169 446/1035/169 447/1036/169
f 499/1037/170 498/1038/170 500/1039/170 501/1040/170
f 451/1041/171 450/1042/171 454/1043/171 455/1044/171
f 481/1045/172 480/1046/172 482/1047/172 483/1048/172
f 435/1049/173 434/1050/173 432/903/173 433/902/173
f 463/969/174 462/968/174 458/1028/174 459/1027/174
f 455/1044/175 454/1043/175 460/1051/175 461/1052/175
f 503/1053/176 502/1054/176 506/1055/176 507/1056/176
f 400/1057/1 401/1058/1 407/1059/1 406/1060/1
f 443/1061/177 442/1062/177 438/1063/177 439/1064/177
f 488/1065/178 489/1066/178 495/1067/178 494/1068/178
f 473/1069/179 472/1070/179 474/1071/179 475/1072/179
f 507/1056/180 506/1055/180 504/1073/180 505/1074/180
f 421/909/181 420/908/181 418/1075/181 419/1076/181
f 427/1077/182 426/1078/182 430/1079/182 431/1080/182
f 468/1081/4 469/1082/4 465/1083/4 464/1084/4
f 447/1036/183 446/1035/183 442/1062/183 443/1061/183
f 497/975/184 496/974/184 498/1038/184 499/1037/184
f 520/921/185 521/920/185 523/911/185 522/910/185
f 445/967/186 444/966/186 450/1042/186 451/1041/186
f 530/1085/187 531/1086/187 529/1012/187 528/1011/187
f 516/913/188 517/912/188 519/1016/188 518/1015/188
f 494/1068/189 495/1067/189 531/1087/189 530/1088/189
f 491/1089/190 490/1090/190 492/973/190 493/972/190
f 505/1074/191 504/1073/191 508/1032/191 509/1031/191
f 419/1076/192 418/1075/192 408/1024/192 409/1023/192
f 431/1080/193 430/1079/193 436/1091/193 437/1092/193
f 524/1014/194 525/1013/194 527/919/194 526/918/194
f 484/925/195 485/924/195 489/1066/195 488/1065/195
f 487/1093/196 486/1094/196 490/1090/196 491/1089/196
f 415/927/197 414/926/197 426/1078/197 427/1077/197
f 469/1082/198 468/1081/198 472/1070/198 473/1069/198
f 511/1095/199 510/1096/199 514/1018/199 515/1017/199
f 401/1058/200 400/1057/200 402/1097/200 403/1098/200
f 405/1026/201 404/1025/201 406/1060/201 407/1059/201
f 425/1099/202 424/1100/202 422/907/202 423/906/202
f 461/1052/203 460/1051/203 464/1084/203 465/1083/203
f 483/1048/204 482/1047/204 486/1094/204 487/1093/204
f 429/905/205 428/904/205 424/1100/205 425/1099/205
f 475/1072/206 474/1071/206 480/1046/206 481/1045/206
f 437/1092/207 436/1091/207 440/965/207 441/964/207
f 403/1098/208 402/1097/208 410/1010/208 411/1009/208
f 439/1064/209 438/1063/209 434/1050/209 435/1049/209
f 457/1030/210 456/1029/210 452/961/210 453/960/210
f 513/1034/211 512/1033/211 510/1096/211 511/1095/211
f 501/1040/212 500/1039/212 502/1054/212 503/1053/212
f 713/1109/215 714/1110/215 232/1111/215 231/1112/215
f 542/1121/219 543/1122/219 252/1123/219 243/1124/219
f 711/1125/220 710/1126/220 219/1127/220 221/1128/220
f 694/1129/47 579/1130/47 568/1131/47 569/1132/47 370/859/47 369/858/47 374/1133/47 375/1134/47 90/158/47
f 533/732/222 536/1137/222 240/1138/222 237/733/222
f 575/1143/4 574/1144/4 576/1145/4 691/1146/4 89/192/4 381/195/4 378/866/4 380/865/4
f 714/1110/224 712/1147/224 230/1148/224 232/1111/224
f 539/1151/225 541/1152/225 255/1153/225 254/1154/225
f 545/1155/226 535/1156/226 258/1157/226 257/1158/226
f 709/1159/227 708/595/227 218/594/227 217/1160/227
f 712/1147/228 711/1125/228 221/1128/228 230/1148/228
f 710/1126/230 709/1159/230 217/1160/230 219/1127/230
f 692/1181/47 577/1182/47 572/1183/47 573/1184/47 377/868/47 376/867/47 382/1185/47 383/1186/47 86/158/47
f 566/1197/234 18/1198/234 9/1199/234 567/1200/234
f 536/1137/235 537/1201/235 241/1202/235 240/1138/235
f 538/1203/236 532/227/236 261/226/236 259/1204/236
f 572/1205/1 570/1206/1 571/1207/1 573/1208/1
f 568/1209/1 44/1210/1 54/1211/1 53/1212/1 52/1213/1 51/1214/1 50/1215/1 49/1216/1 48/1217/1 47/1218/1 46/1219/1 45/1220/1 43/1221/1 546/1222/1 547/1223/1 532/1224/1 538/1225/1 534/1226/1 535/1227/1 545/1228/1 541/1229/1 539/1230/1 544/1231/1 540/1232/1 543/1233/1 542/1234/1 537/1235/1 536/1236/1 533/1237/1 569/1238/1
f 537/1201/237 542/1121/237 243/1124/237 241/1202/237
f 567/1200/3 9/1199/3 644/1243/3 647/1244/3
f 691/1146/3 692/1245/3 86/154/3 89/192/3
f 565/1250/24 566/1251/24 567/1252/24 647/1253/24 392/1254/24 100/324/24 102/292/24 101/291/24
f 544/1259/240 539/1151/240 254/1154/240 256/1260/240
f 535/1156/241 534/1263/241 260/1264/241 258/1157/241
f 715/222/243 713/1109/243 231/1112/243 233/223/243
f 543/1122/244 540/1269/244 253/1270/244 252/1123/244
f 693/1271/3 694/1272/3 90/154/3 91/192/3
f 554/1279/1 8/1280/1 7/1281/1 6/1282/1 5/1283/1 4/1284/1 3/1285/1 2/1286/1 1/1287/1 563/1288/1 558/1289/1 556/1290/1 560/1291/1 559/1292/1 557/1293/1 561/1294/1 562/1295/1 555/1296/1 552/1297/1 553/1298/1
f 652/1299/1 73/1300/1 72/1301/1 71/1302/1 70/1303/1 69/1304/1 68/1305/1 67/18/1 707/17/1 708/1306/1 709/1307/1 710/1308/1 711/1309/1 712/1310/1 714/1311/1 713/1312/1 715/1313/1
f 34/100/24 33/1319/24 31/38/24 75/39/24 630/1320/24 631/1321/24 634/1322/24 637/1323/24 638/1324/24 636/1325/24 639/1326/24 640/1327/24 615/1328/24 620/1329/24 618/1330/24 621/1331/24 623/1332/24 624/1333/24 625/1334/24 626/1335/24 627/1336/24 550/1337/24 549/1338/24 548/190/24 56/165/24 66/1339/24 65/134/24 594/133/24 595/1340/24 611/1341/24 609/1342/24 593/1343/24 600/1344/24 589/1345/24 587/1346/24 601/1347/24 599/1348/24 598/1349/24 588/1350/24 606/1351/24 607/1352/24 605/1353/24 604/1354/24 603/1355/24 602/118/24 688/117/24 687/1356/24 684/1357/24 686/1358/24 685/1359/24 679/1360/24 683/1361/24 680/1362/24 673/1363/24 682/1364/24 681/1365/24 676/1366/24 678/1367/24 677/1368/24 675/1369/24 674/1370/24 672/101/24
f 75/39/24 85/1371/24 84/1372/24 83/1373/24 82/1374/24 81/1375/24 80/1376/24 79/1377/24 78/1378/24 77/1379/24 76/1380/24 74/1381/24 646/1382/24 700/1383/24 645/1384/24 644/1385/24 9/1386/24 18/1387/24 17/1388/24 16/1389/24 15/1390/24 14/1391/24 13/1392/24 12/1393/24 11/1394/24 10/1395/24 564/1396/24 551/1397/24 550/1337/24 627/1336/24 628/1398/24 643/1399/24 641/1400/24 642/1401/24 622/1402/24 619/1403/24 617/1404/24 616/1405/24 612/1406/24 614/1407/24 613/1408/24 635/1409/24 632/1410/24 633/1411/24 629/1412/24 630/1320/24
f 534/1263/245 538/1203/245 259/1204/245 260/1264/245
f 570/1419/2 572/1420/2 577/1421/2 578/1422/2
f 574/1423/2 19/60/2 32/63/2 576/1424/2
f 541/1152/246 545/1155/246 257/1158/246 255/1153/246
f 563/1425/247 1/40/247 17/43/247 18/1198/247 566/1197/247 565/1426/247
f 571/1427/4 570/1428/4 578/1429/4 693/1271/4 91/192/4 373/197/4 371/857/4 372/856/4
f 656/207/24 655/1430/24 654/1431/24 653/1432/24 99/326/24 98/325/24 97/198/24
f 540/1269/248 544/1433/248 256/1434/248 253/1270/248
usemtl 
f 289/740/132 668/741/132 667/742/132 300/743/132
f 300/743/133 667/742/133 666/744/133 293/745/133
f 293/745/134 666/744/134 661/746/134 298/747/134
f 297/748/135 298/747/135 661/746/135 671/749/135 295/750/135
f 295/750/136 671/749/136 672/751/136 294/752/136
f 294/752/137 672/751/137 674/753/137 296/754/137
f 296/754/138 674/753/138 675/755/138 299/756/138
f 299/756/139 675/755/139 677/757/139 292/758/139
f 292/758/140 677/757/140 678/759/140 301/760/140
f 301/760/141 678/759/141 676/761/141 288/762/141
f 288/762/142 676/761/142 681/763/142 290/764/142
f 290/764/143 681/763/143 682/765/143 286/766/143
f 286/766/144 682/765/144 673/767/144 303/768/144
f 303/768/145 673/767/145 680/769/145 281/770/145
f 281/770/146 680/769/146 683/771/146 283/772/146
f 283/772/147 683/771/147 679/773/147 278/774/147
f 688/1101/213 670/1102/213 273/1103/213 271/1104/213
f 687/1113/216 688/1101/216 271/1104/216 272/1114/216
f 664/1115/217 657/1116/217 280/1117/217 282/1118/217
f 670/1102/149 663/1161/149 275/1162/149 273/1103/149
f 679/773/231 685/1173/231 285/1174/231 278/774/231
f 659/1175/150 662/1176/150 284/1177/150 279/1178/150
f 663/1161/233 665/1189/233 277/1190/233 275/1162/233
f 658/1239/148 669/1240/148 287/1241/148 302/1242/148
f 665/1189/221 659/1175/221 279/1178/221 277/1190/221
f 662/1176/238 664/1115/238 282/1118/238 284/1177/238
f 669/1240/232 660/1261/232 291/1262/232 287/1241/232
f 657/1116/239 658/1277/239 302/1278/239 280/1117/239
f 660/1261/229 668/741/229 289/740/229 291/1262/229
f 685/1173/214 686/1316/214 274/1317/214 285/1174/214
f 684/1415/223 687/1113/223 272/1114/223 276/1416/223
f 686/1316/218 684/1415/218 276/1416/218 274/1317/218
usemtl 
f 356/822/132 636/823/132 638/824/132 367/825/132
f 367/825/133 638/824/133 637/826/133 360/827/133
f 360/827/134 637/826/134 634/828/134 365/829/134
f 365/829/135 634/828/135 631/830/135 363/831/135
f 363/831/136 631/830/136 630/832/136 361/833/136
f 361/833/137 630/832/137 629/834/137 362/835/137
f 362/835/138 629/834/138 633/836/138 364/837/138
f 364/837/139 633/836/139 632/838/139 359/839/139
f 359/839/140 632/838/140 635/840/140 366/841/140
f 366/841/141 635/840/141 613/842/141 355/843/141
f 355/843/142 613/842/142 614/844/142 357/845/142
f 357/845/143 614/844/143 612/846/143 353/847/143
f 353/847/144 612/846/144 616/848/144 350/849/144
f 350/849/145 616/848/145 617/850/145 346/851/145
f 346/851/146 617/850/146 619/852/146 348/853/146
f 348/853/147 619/852/147 622/854/147 344/855/147
f 642/1105/214 641/1106/214 340/1107/214 351/1108/214
f 641/1106/218 643/1119/218 342/1120/218 340/1107/218
f 643/1119/223 628/1149/223 338/1150/223 342/1120/223
f 639/1163/229 636/823/229 356/822/229 358/1164/229
f 640/1179/232 639/1163/232 358/1164/232 354/1180/232
f 626/1193/149 625/1194/149 343/1195/149 339/1196/149
f 621/1246/238 618/1247/238 349/1248/238 345/1249/238
f 625/1194/233 624/1265/233 341/1266/233 343/1195/233
f 620/1273/239 615/1274/239 368/1275/239 347/1276/239
f 624/1265/221 623/1314/221 352/1315/221 341/1266/221
f 622/854/231 642/1105/231 351/1108/231 344/855/231
f 628/1149/216 627/1413/216 337/1414/216 338/1150/216
f 627/1413/213 626/1193/213 339/1196/213 337/1414/213
f 618/1247/217 620/1273/217 347/1276/217 349/1248/217
f 623/1314/150 621/1246/150 345/1249/150 352/1315/150
f 615/1435/148 640/1179/148 354/1180/148 368/1436/148
usemtl 
f 390/872/1 385/873/1 384/874/1 389/875/1 388/876/1 391/877/1
f 387/192/3 93/192/3 551/878/3 564/879/3 554/880/3 553/881/3 391/882/3 388/882/3
f 386/883/24 87/884/24 93/885/24 387/886/24
f 547/1169/2 546/1170/2 548/1171/2 549/1172/2 87/158/2 386/158/2 389/155/2 384/155/2
f 549/1267/242 550/1268/242 551/1268/242 93/885/242 87/885/242
usemtl 
f 392/887/47 647/888/47 644/889/47 645/890/47 88/48/47 397/891/47 394/892/47 398/893/47
f 398/893/1 394/892/1 396/894/1 399/895/1
f 396/894/4 395/896/4 92/885/4 700/897/4 646/898/4 649/899/4 393/900/4 399/895/4
f 88/884/24 92/885/24 395/896/24 397/901/24
f 645/1318/2 700/897/2 92/885/2 88/46/2
usemtl 
f 336/775/148 580/776/148 586/777/148 321/778/148
f 323/779/132 583/780/132 597/781/132 333/782/132
f 333/782/133 597/781/133 596/783/133 327/784/133
f 327/784/134 596/783/134 590/785/134 331/786/134
f 331/786/135 590/785/135 602/787/135 329/788/135
f 329/788/136 602/787/136 603/789/136 328/790/136
f 328/790/137 603/789/137 604/791/137 330/792/137
f 330/792/138 604/791/138 605/793/138 332/794/138
f 332/794/139 605/793/139 607/795/139 326/796/139
f 326/796/140 607/795/140 606/797/140 334/798/140
f 334/798/141 606/797/141 588/799/141 322/800/141
f 322/800/142 588/799/142 598/801/142 324/802/142
f 324/802/143 598/801/143 599/803/143 320/804/143
f 320/804/144 599/803/144 601/805/144 335/806/144
f 335/806/145 601/805/145 587/807/145 315/808/145
f 315/808/146 587/807/146 589/809/146 317/810/146
f 317/810/147 589/809/147 600/811/147 311/812/147
f 306/813/149 592/814/149 591/815/149 308/816/149
f 313/817/150 312/818/150 608/819/150 585/820/150 318/821/150
f 610/1135/221 608/819/221 312/818/221 310/1136/221
f 611/1139/223 595/1140/223 305/1141/223 309/1142/223
f 593/1165/214 609/1166/214 307/1167/214 319/1168/214
f 594/1187/213 592/814/213 306/813/213 304/1188/213
f 584/1191/229 583/780/229 323/779/229 325/1192/229
f 581/1255/239 580/1256/239 336/1257/239 314/1258/239
f 595/1140/216 594/1187/216 304/1188/216 305/1141/216
f 600/811/231 593/1165/231 319/1168/231 311/812/231
f 591/815/233 610/1135/233 310/1136/233 308/816/233
f 582/1417/217 581/1255/217 314/1258/217 316/1418/217
f 586/777/232 584/1191/232 325/1192/232 321/778/232
f 585/820/238 582/1417/238 316/1418/238 318/821/238
f 609/1166/218 611/1139/218 309/1142/218 307/1167/218
o Lid
v 2.659538 0.987748 -37.913475
v 2.835119 0.987748 -37.896183
v 3.003952 0.987748 -37.844967
v 3.159552 0.987748 -37.761799
v 3.295935 0.987748 -37.649872
v 3.407860 0.987748 -37.513489
v 3.491030 0.987748 -37.357891
v 3.542244 0.987748 -37.189056
v 3.559538 0.987748 -37.013474
v 3.542244 0.987748 -36.837894
v 3.491030 0.987748 -36.669060
v 3.407860 0.987748 -36.513462
v 3.295935 0.987748 -36.377079
v 3.159552 0.987748 -36.265152
v 3.003952 0.987748 -36.181984
v 2.835119 0.987748 -36.130768
v 2.659538 0.987748 -36.113476
v 2.483957 0.987748 -36.130768
v 2.315123 0.987748 -36.181984
v 2.159523 0.987748 -36.265152
v 2.023142 0.987748 -36.377079
v 1.911215 0.987748 -36.513462
v 1.828045 0.987748 -36.669060
v 1.776831 0.987748 -36.837894
v 1.759537 0.987748 -37.013474
v 1.776831 0.987748 -37.189056
v 1.828045 0.987748 -37.357891
v 1.911215 0.987748 -37.513489
v 2.023142 0.987748 -37.649872
v 2.159523 0.987748 -37.761799
v 2.315123 0.987748 -37.844967
v 2.483957 0.987748 -37.896183
v 49.940125 1.144253 -38.401695
v 50.164474 1.144253 -38.379601
v 50.380211 1.144253 -38.314156
v 50.579025 1.144253 -38.207886
v 50.753296 1.144253 -38.064869
v 50.896309 1.144253 -37.890602
v 51.002583 1.144253 -37.691780
v 51.068024 1.144253 -37.476051
v 51.090122 1.144253 -37.251694
v 51.068024 1.144253 -37.027344
v 51.002583 1.144253 -36.811607
v 50.896309 1.144253 -36.612793
v 50.753296 1.144253 -36.438522
v 50.579025 1.144253 -36.295506
v 50.380211 1.144253 -36.189236
v 50.164474 1.144253 -36.123795
v 49.940125 1.144253 -36.101696
v 49.715767 1.144253 -36.123795
v 49.500034 1.144253 -36.189236
v 49.301216 1.144253 -36.295506
v 49.126949 1.144253 -36.438522
v 48.983932 1.144253 -36.612793
v 48.877663 1.144253 -36.811607
v 48.812218 1.144253 -37.027344
v 48.790123 1.144253 -37.251694
v 48.812218 1.144253 -37.476051
v 48.877663 1.144253 -37.691780
v 48.983932 1.144253 -37.890602
v 49.126949 1.144253 -38.064869
v 49.301216 1.144253 -38.207886
v 49.500034 1.144253 -38.314156
v 49.715767 1.144253 -38.379601
v 29.212212 1.133866 -12.190842
v 29.387794 1.133866 -12.173549
v 29.556627 1.133866 -12.122334
v 29.712227 1.133866 -12.039165
v 29.848608 1.133866 -11.927238
v 29.960535 1.133866 -11.790855
v 30.043705 1.133867 -11.635257
v 30.094919 1.133867 -11.466423
v 30.112213 1.133867 -11.290842
v 30.094919 1.133867 -11.115260
v 30.043705 1.133867 -10.946426
v 29.960535 1.133867 -10.790829
v 29.848608 1.133867 -10.654446
v 29.712227 1.133867 -10.542520
v 29.556627 1.133867 -10.459351
v 29.387794 1.133867 -10.408135
v 29.212212 1.133867 -10.390841
v 29.036631 1.133867 -10.408135
v 28.867798 1.133867 -10.459351
v 28.712200 1.133867 -10.542520
v 28.575817 1.133867 -10.654446
v 28.463890 1.133867 -10.790829
v 28.380722 1.133867 -10.946426
v 28.329506 1.133867 -11.115260
v 28.312212 1.133867 -11.290842
v 28.329506 1.133867 -11.466423
v 28.380722 1.133867 -11.635257
v 28.463890 1.133866 -11.790855
v 28.575817 1.133866 -11.927238
v 28.712200 1.133866 -12.039165
v 28.867798 1.133866 -12.122334
v 29.036631 1.133866 -12.173549
v 3.042997 1.131295 -43.680367
v -4.702785 1.131295 -38.060089
v 1.940660 1.131295 -43.623161
v 0.860760 1.131295 -43.452705
v -0.174715 1.131295 -43.172470
v -1.144688 1.131295 -42.788166
v -2.029411 1.131295 -42.307610
v -2.810873 1.131295 -41.740585
v -3.473167 1.131295 -41.098640
v -4.002813 1.131295 -40.394836
v -4.389025 1.131295 -39.643501
v -4.623943 1.131295 -38.859932
v -4.702785 -1.131297 -38.060089
v 3.042997 -1.131297 -43.680367
v -4.623943 -1.131297 -38.859932
v -4.389025 -1.131297 -39.643501
v -4.002813 -1.131297 -40.394836
v -3.473167 -1.131297 -41.098640
v -2.810873 -1.131297 -41.740585
v -2.029411 -1.131297 -42.307610
v -1.144688 -1.131297 -42.788166
v -0.174715 -1.131297 -43.172470
v 0.860760 -1.131297 -43.452705
v 1.940660 -1.131297 -43.623161
v 49.552536 1.131297 1.307156
v 57.298321 1.131297 -4.313124
v 50.654877 1.131297 1.249949
v 51.734776 1.131297 1.079494
v 52.770248 1.131297 0.799261
v 53.740223 1.131297 0.414955
v 54.624947 1.131297 -0.065601
v 55.406410 1.131297 -0.632624
v 56.068703 1.131297 -1.274572
v 56.598351 1.131297 -1.978376
v 56.984558 1.131297 -2.729710
v 57.219479 1.131297 -3.513277
v 57.298321 -1.131295 -4.313124
v 49.552536 -1.131295 1.307156
v 57.219479 -1.131295 -3.513277
v 56.984558 -1.131295 -2.729710
v 56.598351 -1.131295 -1.978376
v 56.068703 -1.131295 -1.274572
v 55.406410 -1.131295 -0.632624
v 54.624947 -1.131295 -0.065601
v 53.740223 -1.131295 0.414955
v 52.770248 -1.131295 0.799261
v 51.734776 -1.131295 1.079494
v 50.654877 -1.131295 1.249949
v -4.702785 1.131297 -4.506992
v 3.310184 1.131297 1.307156
v -4.621225 1.131297 -3.679554
v -4.378204 1.131297 -2.868958
v -3.978670 1.131297 -2.091709
v -3.430754 1.131297 -1.363626
v -2.745615 1.131297 -0.699535
v -1.937195 1.131297 -0.112953
v -1.021955 1.131297 0.384180
v -0.018522 1.131297 0.781742
v 1.052670 1.131297 1.071642
v 2.169819 1.131297 1.247976
v 3.310184 -1.131295 1.307156
v -4.702785 -1.131295 -4.506992
v 2.169819 -1.131295 1.247976
v 1.052670 -1.131295 1.071642
v -0.018522 -1.131295 0.781742
v -1.021955 -1.131295 0.384180
v -1.937195 -1.131295 -0.112953
v -2.745615 -1.131295 -0.699535
v -3.430754 -1.131295 -1.363626
v -3.978670 -1.131295 -2.091709
v -4.378204 -1.131295 -2.868958
v -4.621225 -1.131295 -3.679554
v 57.298321 1.131295 -37.866219
v 49.285351 1.131295 -43.680367
v 57.216759 1.131295 -38.693657
v 56.973740 1.131295 -39.504253
v 56.574203 1.131295 -40.281502
v 56.026291 1.131295 -41.009583
v 55.341148 1.131295 -41.673676
v 54.532730 1.131295 -42.260258
v 53.617493 1.131295 -42.757393
v 52.614059 1.131295 -43.154953
v 51.542866 1.131295 -43.444855
v 50.425716 1.131295 -43.621185
v 49.285351 -1.131297 -43.680367
v 57.298321 -1.131297 -37.866219
v 50.425716 -1.131297 -43.621185
v 51.542866 -1.131297 -43.444855
v 52.614059 -1.131297 -43.154953
v 53.617493 -1.131297 -42.757393
v 54.532730 -1.131297 -42.260258
v 55.341148 -1.131297 -41.673676
v 56.026291 -1.131297 -41.009583
v 56.574203 -1.131297 -40.281502
v 56.973740 -1.131297 -39.504253
v 57.216759 -1.131297 -38.693657
v 2.660629 1.003440 -40.023262
v 2.660629 4.868703 -40.023262
v 3.245899 1.003440 -39.965618
v 3.245899 4.868703 -39.965618
v 3.808680 1.003440 -39.794903
v 3.808680 4.868703 -39.794903
v 4.327341 1.003440 -39.517670
v 4.327341 4.868703 -39.517670
v 4.781950 1.003440 -39.144585
v 4.781950 4.868703 -39.144585
v 5.155039 1.003440 -38.689972
v 5.155039 4.868703 -38.689972
v 5.432268 1.003440 -38.171314
v 5.432268 4.868702 -38.171314
v 5.602985 1.003440 -37.608536
v 5.602985 4.868702 -37.608536
v 5.660631 1.003440 -37.023262
v 5.660631 4.868703 -37.023262
v 5.602985 1.003440 -36.437992
v 5.602985 4.868703 -36.437992
v 5.432268 1.003440 -35.875214
v 5.432268 4.868703 -35.875214
v 5.155039 1.003440 -35.356552
v 5.155039 4.868703 -35.356552
v 4.781950 1.003440 -34.901943
v 4.781950 4.868703 -34.901943
v 4.327341 1.003440 -34.528854
v 4.327341 4.868703 -34.528854
v 3.808680 1.003440 -34.251625
v 3.808680 4.868703 -34.251625
v 3.245899 1.003440 -34.080906
v 3.245899 4.868703 -34.080906
v 2.660629 1.003440 -34.023262
v 2.660629 4.868703 -34.023262
v 2.075359 1.003440 -34.080906
v 2.075359 4.868703 -34.080906
v 1.512581 1.003440 -34.251625
v 1.512581 4.868703 -34.251625
v 0.993917 1.003440 -34.528854
v 0.993917 4.868703 -34.528854
v 0.539310 1.003440 -34.901943
v 0.539310 4.868703 -34.901943
v 0.166222 1.003440 -35.356552
v 0.166222 4.868703 -35.356552
v -0.111008 1.003440 -35.875214
v -0.111008 4.868703 -35.875214
v -0.281727 1.003440 -36.437992
v -0.281727 4.868703 -36.437992
v -0.339371 1.003440 -37.023262
v -0.339371 4.868703 -37.023262
v -0.281727 1.003440 -37.608536
v -0.281727 4.868702 -37.608536
v -0.111008 1.003440 -38.171314
v -0.111008 4.868702 -38.171314
v 0.166222 1.003440 -38.689972
v 0.166222 4.868703 -38.689972
v 0.539310 1.003440 -39.144585
v 0.539310 4.868703 -39.144585
v 0.993917 1.003440 -39.517670
v 0.993917 4.868703 -39.517670
v 1.512581 1.003440 -39.794903
v 1.512581 4.868703 -39.794903
v 2.075359 1.003440 -39.965618
v 2.075359 4.868703 -39.965618
v 29.212212 1.037516 -14.290840
v 29.212212 4.808504 -14.290840
v 29.797482 1.037516 -14.233196
v 29.797482 4.808504 -14.233196
v 30.360262 1.037516 -14.062479
v 30.360262 4.808504 -14.062479
v 30.878922 1.037516 -13.785250
v 30.878922 4.808504 -13.785250
v 31.333530 1.037516 -13.412161
v 31.333530 4.808504 -13.412160
v 31.706619 1.037516 -12.957551
v 31.706619 4.808504 -12.957550
v 31.983849 1.037516 -12.438890
v 31.983849 4.808503 -12.438890
v 32.154568 1.037516 -11.876112
v 32.154568 4.808503 -11.876111
v 32.212212 1.037516 -11.290840
v 32.212212 4.808503 -11.290840
v 32.154568 1.037516 -10.705569
v 32.154568 4.808503 -10.705569
v 31.983849 1.037516 -10.142790
v 31.983849 4.808503 -10.142790
v 31.706619 1.037516 -9.624130
v 31.706619 4.808503 -9.624130
v 31.333530 1.037516 -9.169519
v 31.333530 4.808503 -9.169519
v 30.878922 1.037516 -8.796432
v 30.878922 4.808503 -8.796432
v 30.360262 1.037516 -8.519202
v 30.360262 4.808503 -8.519201
v 29.797482 1.037516 -8.348484
v 29.797482 4.808503 -8.348484
v 29.212212 1.037516 -8.290841
v 29.212212 4.808503 -8.290841
v 28.626940 1.037516 -8.348484
v 28.626940 4.808503 -8.348484
v 28.064161 1.037516 -8.519202
v 28.064161 4.808503 -8.519201
v 27.545500 1.037516 -8.796432
v 27.545500 4.808503 -8.796432
v 27.090891 1.037516 -9.169519
v 27.090891 4.808503 -9.169519
v 26.717802 1.037516 -9.624130
v 26.717802 4.808503 -9.624130
v 26.440573 1.037516 -10.142790
v 26.440573 4.808503 -10.142790
v 26.269855 1.037516 -10.705569
v 26.269855 4.808503 -10.705569
v 26.212212 1.037516 -11.290840
v 26.212212 4.808503 -11.290840
v 26.269855 1.037516 -11.876112
v 26.269855 4.808503 -11.876111
v 26.440573 1.037516 -12.438890
v 26.440573 4.808503 -12.438890
v 26.717802 1.037516 -12.957551
v 26.717802 4.808504 -12.957550
v 27.090891 1.037516 -13.412161
v 27.090891 4.808504 -13.412160
v 27.545500 1.037516 -13.785250
v 27.545500 4.808504 -13.785250
v 28.064161 1.037516 -14.062479
v 28.064161 4.808504 -14.062479
v 28.626940 1.037516 -14.233196
v 28.626940 4.808504 -14.233196
v 49.940121 1.055051 -40.251694
v 49.940121 4.826039 -40.251694
v 50.525391 1.055051 -40.194050
v 50.525391 4.826039 -40.194050
v 51.088169 1.055051 -40.023331
v 51.088169 4.826039 -40.023331
v 51.606831 1.055051 -39.746101
v 51.606831 4.826039 -39.746101
v 52.061440 1.055051 -39.373016
v 52.061440 4.826039 -39.373016
v 52.434528 1.055051 -38.918404
v 52.434528 4.826039 -38.918404
v 52.711758 1.055051 -38.399742
v 52.711758 4.826038 -38.399742
v 52.882477 1.055051 -37.836967
v 52.882477 4.826038 -37.836967
v 52.940121 1.055051 -37.251694
v 52.940121 4.826038 -37.251694
v 52.882477 1.055051 -36.666424
v 52.882477 4.826038 -36.666424
v 52.711758 1.055051 -36.103645
v 52.711758 4.826038 -36.103645
v 52.434528 1.055051 -35.584984
v 52.434528 4.826038 -35.584984
v 52.061440 1.055051 -35.130375
v 52.061440 4.826038 -35.130375
v 51.606831 1.055051 -34.757286
v 51.606831 4.826038 -34.757286
v 51.088169 1.055051 -34.480057
v 51.088169 4.826038 -34.480057
v 50.525391 1.055051 -34.309338
v 50.525391 4.826038 -34.309338
v 49.940121 1.055051 -34.251694
v 49.940121 4.826038 -34.251694
v 49.354851 1.055051 -34.309338
v 49.354851 4.826038 -34.309338
v 48.792068 1.055051 -34.480057
v 48.792068 4.826038 -34.480057
v 48.273407 1.055051 -34.757286
v 48.273407 4.826038 -34.757286
v 47.818802 1.055051 -35.130375
v 47.818802 4.826038 -35.130375
v 47.445709 1.055051 -35.584984
v 47.445709 4.826038 -35.584984
v 47.168480 1.055051 -36.103645
v 47.168480 4.826038 -36.103645
v 46.997765 1.055051 -36.666424
v 46.997765 4.826038 -36.666424
v 46.940117 1.055051 -37.251694
v 46.940117 4.826038 -37.251694
v 46.997765 1.055051 -37.836967
v 46.997765 4.826038 -37.836967
v 47.168480 1.055051 -38.399742
v 47.168480 4.826038 -38.399742
v 47.445709 1.055051 -38.918404
v 47.445709 4.826039 -38.918404
v 47.818802 1.055051 -39.373016
v 47.818802 4.826039 -39.373016
v 48.273407 1.055051 -39.746101
v 48.273407 4.826039 -39.746101
v 48.792068 1.055051 -40.023331
v 48.792068 4.826039 -40.023331
v 49.354851 1.055051 -40.194050
v 49.354851 4.826039 -40.194050
v 28.329506 4.808503 -11.466422
v 28.380722 4.808503 -11.635257
v 29.712227 4.808503 -12.039165
v 29.556627 4.808503 -12.122334
v 28.312212 4.808503 -11.290842
v 29.387794 4.808503 -12.173549
v 29.960535 4.808503 -11.790855
v 29.848610 4.808503 -11.927238
v 29.848608 4.808503 -10.654446
v 29.712227 4.808503 -10.542520
v 30.043705 4.808503 -11.635257
v 29.036631 4.808503 -10.408135
v 28.329506 4.808503 -11.115260
v 28.712200 4.808503 -12.039165
v 28.867798 4.808503 -10.459351
v 30.043705 4.808503 -10.946426
v 30.094919 4.808503 -11.115260
v 29.960535 4.808503 -10.790829
v 30.112213 4.808503 -11.290842
v 28.463890 4.808503 -11.790855
v 28.575817 4.808503 -11.927238
v 28.867798 4.808503 -12.122334
v 29.212212 4.808503 -12.190842
v 29.387794 4.808503 -10.408135
v 30.094919 4.808503 -11.466422
v 29.556627 4.808503 -10.459351
v 28.463890 4.808503 -10.790829
v 28.575817 4.808503 -10.654446
v 28.380722 4.808503 -10.946426
v 28.712200 4.808503 -10.542520
v 29.212212 4.808503 -10.390841
v 29.036631 4.808503 -12.173548
v 48.812218 4.826038 -37.476051
v 48.877663 4.826037 -37.691780
v 50.579025 4.826038 -38.207886
v 50.380211 4.826038 -38.314156
v 48.790123 4.826038 -37.251694
v 50.164474 4.826038 -38.379601
v 50.896309 4.826037 -37.890602
v 50.753296 4.826038 -38.064869
v 50.753296 4.826038 -36.438522
v 50.579025 4.826038 -36.295506
v 51.002583 4.826037 -37.691780
v 49.715767 4.826038 -36.123795
v 48.812218 4.826038 -37.027344
v 49.301216 4.826038 -38.207886
v 49.500034 4.826038 -36.189236
v 51.002583 4.826038 -36.811607
v 51.068024 4.826038 -37.027344
v 50.896309 4.826038 -36.612793
v 51.090122 4.826038 -37.251694
v 48.983932 4.826037 -37.890602
v 49.126945 4.826037 -38.064865
v 49.500034 4.826038 -38.314156
v 49.940125 4.826038 -38.401695
v 50.164474 4.826038 -36.123795
v 51.068024 4.826038 -37.476051
v 50.380211 4.826038 -36.189236
v 48.983932 4.826038 -36.612793
v 49.126949 4.826038 -36.438522
v 48.877663 4.826038 -36.811607
v 49.301216 4.826038 -36.295506
v 49.940125 4.826038 -36.101696
v 49.715767 4.826038 -38.379601
v 1.776831 1.003440 -37.189056
v 1.776831 1.131295 -37.189056
v 1.776831 4.868703 -37.189056
v 1.828047 1.003440 -37.357891
v 1.828045 1.131295 -37.357895
v 1.828045 4.868703 -37.357895
v 3.159552 1.003440 -37.761795
v 3.159552 1.131295 -37.761799
v 3.159552 4.868701 -37.761799
v 3.003952 1.003440 -37.844967
v 3.003952 1.131295 -37.844971
v 3.003952 4.868701 -37.844967
v 1.759539 1.003440 -37.013474
v 1.759537 1.131295 -37.013474
v 1.759535 4.868703 -37.013477
v 2.835119 1.003440 -37.896179
v 2.835119 1.131295 -37.896183
v 2.835117 4.868703 -37.896183
v 3.407862 1.003440 -37.513489
v 3.407860 1.131295 -37.513489
v 3.407860 4.868702 -37.513489
v 3.295935 1.003440 -37.649872
v 3.295935 1.131295 -37.649872
v 3.295935 4.868701 -37.649872
v 3.295935 1.003440 -36.377079
v 3.295935 1.131295 -36.377083
v 3.295935 4.868702 -36.377079
v 3.159552 1.003440 -36.265152
v 3.159552 1.131295 -36.265156
v 3.159552 4.868702 -36.265152
v 3.491030 1.003440 -37.357891
v 3.491030 1.131295 -37.357895
v 3.491030 4.868702 -37.357891
v 2.483957 1.003440 -36.130768
v 2.483957 1.131296 -36.130768
v 2.483955 4.868703 -36.130768
v 1.776831 1.003440 -36.837894
v 1.776831 1.131295 -36.837894
v 1.776831 4.868703 -36.837894
v 2.159523 1.003440 -37.761795
v 2.159523 1.131295 -37.761799
v 2.159521 4.868701 -37.761799
v 2.315123 1.003440 -36.181984
v 2.315123 1.131296 -36.181984
v 2.315123 4.868702 -36.181984
v 3.491030 1.003440 -36.669060
v 3.491030 1.131295 -36.669060
v 3.491028 4.868703 -36.669060
v 3.542244 1.003440 -36.837894
v 3.542244 1.131295 -36.837894
v 3.542242 4.868703 -36.837894
v 3.407862 1.003440 -36.513462
v 3.407860 1.131295 -36.513462
v 3.407860 4.868702 -36.513462
v 3.559538 1.003440 -37.013474
v 3.559538 1.131295 -37.013474
v 3.559536 4.868703 -37.013477
v 1.911215 1.003440 -37.513489
v 1.911215 1.131295 -37.513489
v 1.911215 4.868702 -37.513489
v 2.023142 1.003440 -37.649872
v 2.023142 1.131295 -37.649872
v 2.023142 4.868701 -37.649872
v 2.315123 1.003440 -37.844967
v 2.315123 1.131295 -37.844971
v 2.315123 4.868701 -37.844967
v 2.659538 1.003440 -37.913475
v 2.659538 1.131295 -37.913475
v 2.659536 4.868703 -37.913475
v 2.835119 1.003440 -36.130768
v 2.835119 1.131296 -36.130768
v 2.835119 4.868702 -36.130768
v 3.542244 1.003440 -37.189056
v 3.542244 1.131295 -37.189056
v 3.542242 4.868703 -37.189056
v 3.003952 1.003440 -36.181984
v 3.003952 1.131296 -36.181984
v 3.003952 4.868702 -36.181984
v 1.911215 1.003440 -36.513462
v 1.911215 1.131295 -36.513462
v 1.911215 4.868702 -36.513462
v 2.023142 1.003440 -36.377079
v 2.023142 1.131295 -36.377083
v 2.023142 4.868702 -36.377079
v 1.828047 1.003440 -36.669060
v 1.828045 1.131295 -36.669060
v 1.828045 4.868702 -36.669060
v 2.159523 1.003440 -36.265152
v 2.159523 1.131295 -36.265156
v 2.159521 4.868702 -36.265152
v 2.659538 1.003440 -36.113476
v 2.659538 1.131296 -36.113476
v 2.659536 4.868703 -36.113476
v 2.483957 1.003440 -37.896179
v 2.483957 1.131295 -37.896183
v 2.483955 4.868701 -37.896183
vn 0.0980 -0.0000 -0.9952
vn 0.2903 0.0001 -0.9569
vn 0.4714 0.0001 -0.8819
vn 0.6344 -0.0000 -0.7730
vn 0.7730 -0.0001 -0.6344
vn 0.8819 -0.0000 -0.4714
vn 0.9569 -0.0000 -0.2903
vn 0.9952 -0.0000 -0.0980
vn 0.9952 -0.0000 0.0980
vn 0.9569 -0.0000 0.2903
vn 0.8819 -0.0000 0.4714
vn 0.7730 -0.0001 0.6344
vn 0.6344 -0.0000 0.7730
vn 0.4714 -0.0000 0.8819
vn 0.2903 -0.0000 0.9569
vn 0.0980 -0.0000 0.9952
vn -0.0980 -0.0000 0.9952
vn -0.2903 -0.0000 0.9569
vn -0.4714 -0.0000 0.8819
vn -0.6344 -0.0000 0.7730
vn -0.7730 -0.0000 0.6344
vn -0.8819 -0.0000 0.4714
vn -0.9569 -0.0000 0.2903
vn -0.9952 -0.0000 0.0980
vn -0.9952 -0.0000 -0.0980
vn -0.9569 -0.0000 -0.2903
vn -0.8819 -0.0000 -0.4714
vn -0.7730 -0.0000 -0.6344
vn -0.6344 -0.0000 -0.7730
vn -0.4714 -0.0000 -0.8819
vn -0.2903 -0.0000 -0.9569
vn -0.0980 0.0001 -0.9952
vn -0.0000 -1.0000 -0.0000
vn -0.0980 -0.0000 -0.9952
vn 0.2903 -0.0000 -0.9569
vn 0.4714 -0.0000 -0.8819
vn 0.7730 -0.0000 -0.6344
vn 0.7730 -0.0000 0.6344
vn -0.0000 1.0000 -0.0000
vn -0.0000 -0.0000 1.0000
vn -0.0000 -0.0000 -1.0000
vn 1.0000 -0.0000 -0.0000
vn -0.0518 -0.0000 -0.9987
vn -0.1559 -0.0000 -0.9878
vn -0.2612 -0.0000 -0.9653
vn -0.3683 -0.0000 -0.9297
vn -0.4773 -0.0000 -0.8787
vn -0.5873 -0.0000 -0.8094
vn -0.6960 -0.0000 -0.7181
vn -0.7990 -0.0000 -0.6013
vn -0.8894 -0.0000 -0.4572
vn -0.9579 -0.0000 -0.2872
vn -0.9952 -0.0000 -0.0981
vn 0.0518 -0.0000 0.9987
vn 0.1559 -0.0000 0.9878
vn 0.2612 -0.0000 0.9653
vn 0.3683 -0.0000 0.9297
vn 0.4773 -0.0000 0.8787
vn 0.5873 -0.0000 0.8094
vn 0.6960 -0.0000 0.7181
vn 0.7990 -0.0000 0.6013
vn 0.8894 -0.0000 0.4572
vn 0.9579 -0.0000 0.2872
vn 0.9952 -0.0000 0.0981
vn -0.0518 -0.0000 0.9987
vn -0.1559 -0.0000 0.9878
vn -0.2612 -0.0000 0.9653
vn -0.3683 -0.0000 0.9297
vn -0.4773 -0.0000 0.8787
vn -0.5873 -0.0000 0.8094
vn -0.6960 -0.0000 0.7180
vn -0.7990 -0.0000 0.6013
vn -0.8894 -0.0000 0.4572
vn -0.9579 -0.0000 0.2872
vn -0.9952 -0.0000 0.0981
vn 0.0518 -0.0000 -0.9987
vn 0.1559 -0.0000 -0.9878
vn 0.2612 -0.0000 -0.9653
vn 0.3683 -0.0000 -0.9297
vn 0.4773 -0.0000 -0.8787
vn 0.5873 -0.0000 -0.8094
vn 0.6960 -0.0000 -0.7181
vn 0.7990 -0.0000 -0.6013
vn 0.8894 -0.0000 -0.4572
vn 0.9579 -0.0000 -0.2872
vn 0.9952 -0.0000 -0.0981
vn -1.0000 -0.0000 -0.0000
vt 1.000000 0.500000
vt 1.000000 0.500498
vt 0.968750 0.500498
vt 0.968750 0.500000
vt 0.937500 0.500498
vt 0.937500 0.500000
vt 0.906250 0.500498
vt 0.906250 0.500000
vt 0.875000 0.500498
vt 0.875000 0.500000
vt 0.843750 0.500498
vt 0.843750 0.500000
vt 0.812500 0.500498
vt 0.812500 0.500000
vt 0.781250 0.500498
vt 0.781250 0.500000
vt 0.750000 0.500498
vt 0.750000 0.500000
vt 0.718750 0.500498
vt 0.718750 0.500000
vt 0.687500 0.500498
vt 0.687500 0.500000
vt 0.656250 0.500498
vt 0.656250 0.500000
vt 0.625000 0.500498
vt 0.625000 0.500000
vt 0.593750 0.500498
vt 0.593750 0.500000
vt 0.562500 0.500498
vt 0.562500 0.500000
vt 0.531250 0.500498
vt 0.531250 0.500000
vt 0.500000 0.500498
vt 0.500000 0.500000
vt 0.468750 0.500498
vt 0.468750 0.500000
vt 0.437500 0.500498
vt 0.437500 0.500000
vt 0.406250 0.500498
vt 0.406250 0.500000
vt 0.375000 0.500498
vt 0.375000 0.500000
vt 0.343750 0.500498
vt 0.343750 0.500000
vt 0.312500 0.500498
vt 0.312500 0.500000
vt 0.281250 0.500498
vt 0.281250 0.500000
vt 0.250000 0.500498
vt 0.250000 0.500000
vt 0.218750 0.500498
vt 0.218750 0.500000
vt 0.187500 0.500498
vt 0.187500 0.500000
vt 0.156250 0.500498
vt 0.156250 0.500000
vt 0.125000 0.500498
vt 0.125000 0.500000
vt 0.093750 0.500498
vt 0.093750 0.500000
vt 0.062500 0.500498
vt 0.062500 0.500000
vt 0.031250 0.500498
vt 0.031250 0.500000
vt 0.000000 0.500498
vt 0.000000 0.500000
vt 0.750000 0.490000
vt 0.796822 0.485388
vt 0.841844 0.471731
vt 0.883337 0.449553
vt 0.919706 0.419706
vt 0.949553 0.383337
vt 0.971731 0.341844
vt 0.985388 0.296822
vt 0.990000 0.250000
vt 0.985388 0.203178
vt 0.971731 0.158156
vt 0.949553 0.116663
vt 0.919706 0.080294
vt 0.883337 0.050447
vt 0.841844 0.028269
vt 0.796822 0.014612
vt 0.750000 0.010000
vt 0.703178 0.014612
vt 0.658156 0.028269
vt 0.616663 0.050447
vt 0.580294 0.080294
vt 0.550447 0.116663
vt 0.528269 0.158156
vt 0.514612 0.203178
vt 0.510000 0.250000
vt 0.514612 0.296822
vt 0.528269 0.341844
vt 0.550447 0.383337
vt 0.580294 0.419706
vt 0.616663 0.449553
vt 0.658156 0.471731
vt 0.703178 0.485388
vt 0.968750 0.600049
vt 1.000000 0.600049
vt 0.937500 0.600049
vt 0.906250 0.600049
vt 0.875000 0.600049
vt 0.843750 0.600049
vt 0.812500 0.600049
vt 0.781250 0.600049
vt 0.750000 0.600049
vt 0.718750 0.600049
vt 0.687500 0.600049
vt 0.656250 0.600049
vt 0.625000 0.600049
vt 0.593750 0.600049
vt 0.562500 0.600049
vt 0.531250 0.600049
vt 0.500000 0.600049
vt 0.468750 0.600049
vt 0.437500 0.600049
vt 0.406250 0.600049
vt 0.375000 0.600049
vt 0.343750 0.600049
vt 0.312500 0.600049
vt 0.281250 0.600049
vt 0.250000 0.600049
vt 0.218750 0.600049
vt 0.187500 0.600049
vt 0.156250 0.600049
vt 0.125000 0.600049
vt 0.093750 0.600049
vt 0.062500 0.600049
vt 0.031250 0.600049
vt 0.000000 0.600049
vt 0.968750 0.599854
vt 1.000000 0.599854
vt 0.937500 0.599854
vt 0.906250 0.599854
vt 0.875000 0.599854
vt 0.843750 0.599854
vt 0.812500 0.599854
vt 0.781250 0.599854
vt 0.750000 0.599854
vt 0.718750 0.599854
vt 0.687500 0.599854
vt 0.656250 0.599854
vt 0.625000 0.599854
vt 0.593750 0.599854
vt 0.562500 0.599854
vt 0.531250 0.599854
vt 0.500000 0.599854
vt 0.468750 0.599854
vt 0.437500 0.599854
vt 0.406250 0.599854
vt 0.375000 0.599854
vt 0.343750 0.599854
vt 0.312500 0.599854
vt 0.281250 0.599854
vt 0.250000 0.599854
vt 0.218750 0.599854
vt 0.187500 0.599854
vt 0.156250 0.599854
vt 0.125000 0.599854
vt 0.093750 0.599854
vt 0.062500 0.599854
vt 0.031250 0.599854
vt 0.000000 0.599854
vt 0.375000 0.781232
vt 0.375318 0.776788
vt 0.376265 0.772433
vt 0.377822 0.768258
vt 0.379958 0.764347
vt 0.382629 0.760780
vt 0.385780 0.757629
vt 0.389347 0.754958
vt 0.393258 0.752822
vt 0.397433 0.751265
vt 0.401788 0.750318
vt 0.406232 0.750000
vt 0.592690 0.750000
vt 0.587951 0.966685
vt 0.586976 0.966755
vt 0.586037 0.966961
vt 0.585173 0.967296
vt 0.584415 0.967748
vt 0.583793 0.968298
vt 0.583331 0.968925
vt 0.583046 0.969606
vt 0.582950 0.970314
vt 0.583046 0.971022
vt 0.583331 0.971702
vt 0.583793 0.972330
vt 0.584415 0.972880
vt 0.585173 0.973331
vt 0.586038 0.973666
vt 0.586976 0.973873
vt 0.587951 0.973943
vt 0.593768 1.000000
vt 0.407310 1.000000
vt 0.402712 0.999671
vt 0.398207 0.998691
vt 0.393888 0.997080
vt 0.389842 0.994871
vt 0.386151 0.992108
vt 0.382892 0.988849
vt 0.380129 0.985158
vt 0.377920 0.981112
vt 0.376309 0.976793
vt 0.375329 0.972288
vt 0.375000 0.967690
vt 0.157310 0.500000
vt 0.343768 0.500000
vt 0.343768 0.750000
vt 0.157310 0.750000
vt 0.657310 0.500000
vt 0.843768 0.500000
vt 0.843768 0.750000
vt 0.657310 0.750000
vt 0.406232 0.500000
vt 0.592690 0.500000
vt 0.848212 0.500000
vt 0.848212 0.750000
vt 0.852567 0.500000
vt 0.852567 0.750000
vt 0.856742 0.500000
vt 0.856742 0.750000
vt 0.860653 0.500000
vt 0.860653 0.750000
vt 0.875000 0.750000
vt 0.625000 0.000000
vt 0.625000 0.250000
vt 0.614220 0.250000
vt 0.614220 0.000000
vt 0.610653 0.250000
vt 0.610653 0.000000
vt 0.606742 0.250000
vt 0.606742 0.000000
vt 0.602567 0.250000
vt 0.602567 0.000000
vt 0.598212 0.250000
vt 0.598212 0.000000
vt 0.593768 0.250000
vt 0.593768 0.000000
vt 0.348212 0.500000
vt 0.348212 0.750000
vt 0.352567 0.500000
vt 0.352567 0.750000
vt 0.356742 0.500000
vt 0.356742 0.750000
vt 0.360653 0.500000
vt 0.360653 0.750000
vt 0.364220 0.500000
vt 0.364220 0.750000
vt 0.385780 0.500000
vt 0.385780 0.750000
vt 0.389347 0.500000
vt 0.389347 0.750000
vt 0.393258 0.500000
vt 0.393258 0.750000
vt 0.397433 0.500000
vt 0.397433 0.750000
vt 0.401788 0.500000
vt 0.401788 0.750000
vt 0.375000 0.282310
vt 0.375329 0.277712
vt 0.376309 0.273207
vt 0.377920 0.268888
vt 0.380129 0.264842
vt 0.382892 0.261151
vt 0.386151 0.257892
vt 0.389842 0.255129
vt 0.393888 0.252920
vt 0.398207 0.251309
vt 0.402712 0.250329
vt 0.407310 0.250000
vt 0.598212 0.250318
vt 0.602567 0.251265
vt 0.606742 0.252822
vt 0.610653 0.254958
vt 0.614220 0.257629
vt 0.617371 0.260780
vt 0.620042 0.264347
vt 0.622178 0.268258
vt 0.623735 0.272433
vt 0.624682 0.276788
vt 0.625000 0.281232
vt 0.625000 0.467690
vt 0.624671 0.472288
vt 0.623691 0.476793
vt 0.622080 0.481112
vt 0.619871 0.485158
vt 0.617108 0.488849
vt 0.613849 0.492108
vt 0.610158 0.494871
vt 0.606112 0.497080
vt 0.601793 0.498691
vt 0.597288 0.499671
vt 0.401788 0.499682
vt 0.397433 0.498735
vt 0.393258 0.497178
vt 0.389347 0.495042
vt 0.385780 0.492371
vt 0.382629 0.489220
vt 0.379958 0.485653
vt 0.377822 0.481742
vt 0.376265 0.477567
vt 0.375318 0.473212
vt 0.375000 0.468768
vt 0.152712 0.750000
vt 0.152712 0.500000
vt 0.148207 0.750000
vt 0.148207 0.500000
vt 0.143888 0.750000
vt 0.143888 0.500000
vt 0.139842 0.750000
vt 0.139842 0.500000
vt 0.136151 0.750000
vt 0.136151 0.500000
vt 0.125000 0.750000
vt 0.375000 0.250000
vt 0.375000 0.000000
vt 0.389842 0.000000
vt 0.389842 0.250000
vt 0.393888 0.000000
vt 0.393888 0.250000
vt 0.398207 0.000000
vt 0.398207 0.250000
vt 0.402712 0.000000
vt 0.402712 0.250000
vt 0.407310 0.000000
vt 0.652712 0.750000
vt 0.652712 0.500000
vt 0.648207 0.750000
vt 0.648207 0.500000
vt 0.643888 0.750000
vt 0.643888 0.500000
vt 0.639842 0.750000
vt 0.639842 0.500000
vt 0.636151 0.750000
vt 0.636151 0.500000
vt 0.613849 0.750000
vt 0.613849 0.500000
vt 0.610158 0.750000
vt 0.610158 0.500000
vt 0.606112 0.750000
vt 0.606112 0.500000
vt 0.601793 0.750000
vt 0.601793 0.500000
vt 0.597288 0.750000
vt 0.597288 0.500000
vt 1.000000 1.000000
vt 0.968750 1.000000
vt 0.937500 1.000000
vt 0.906250 1.000000
vt 0.875000 1.000000
vt 0.843750 1.000000
vt 0.812500 1.000000
vt 0.781250 1.000000
vt 0.750000 1.000000
vt 0.718750 1.000000
vt 0.687500 1.000000
vt 0.656250 1.000000
vt 0.625000 1.000000
vt 0.593750 1.000000
vt 0.562500 1.000000
vt 0.531250 1.000000
vt 0.500000 1.000000
vt 0.468750 1.000000
vt 0.437500 1.000000
vt 0.406250 1.000000
vt 0.375000 1.000000
vt 0.343750 1.000000
vt 0.312500 1.000000
vt 0.281250 1.000000
vt 0.250000 1.000000
vt 0.218750 1.000000
vt 0.187500 1.000000
vt 0.156250 1.000000
vt 0.125000 1.000000
vt 0.093750 1.000000
vt 0.062500 1.000000
vt 0.296822 0.485388
vt 0.250000 0.490000
vt 0.203178 0.485388
vt 0.158156 0.471731
vt 0.116663 0.449553
vt 0.080294 0.419706
vt 0.050447 0.383337
vt 0.028269 0.341844
vt 0.014612 0.296822
vt 0.010000 0.250000
vt 0.177912 0.249217
vt 0.179296 0.263264
vt 0.183393 0.276770
vt 0.190047 0.289218
vt 0.199001 0.300129
vt 0.209911 0.309083
vt 0.222359 0.315736
vt 0.235866 0.319834
vt 0.249912 0.321217
vt 0.263959 0.319834
vt 0.277466 0.315736
vt 0.289914 0.309083
vt 0.300824 0.300129
vt 0.309778 0.289218
vt 0.316432 0.276770
vt 0.320529 0.263264
vt 0.321912 0.249217
vt 0.490000 0.250000
vt 0.485388 0.296822
vt 0.471731 0.341844
vt 0.449553 0.383337
vt 0.419706 0.419706
vt 0.383337 0.449553
vt 0.341844 0.471731
vt 0.031250 1.000000
vt 0.000000 1.000000
vt 0.821913 0.249217
vt 0.820529 0.263264
vt 0.816432 0.276770
vt 0.809779 0.289218
vt 0.800824 0.300129
vt 0.789914 0.309083
vt 0.777466 0.315736
vt 0.763959 0.319833
vt 0.749913 0.321217
vt 0.735866 0.319834
vt 0.722359 0.315736
vt 0.709912 0.309083
vt 0.699001 0.300129
vt 0.690047 0.289218
vt 0.683394 0.276770
vt 0.679296 0.263264
vt 0.677913 0.249217
vt 0.178000 0.250000
vt 0.179384 0.264046
vt 0.183481 0.277553
vt 0.190134 0.290001
vt 0.199088 0.300912
vt 0.209999 0.309866
vt 0.222447 0.316519
vt 0.235954 0.320617
vt 0.250000 0.322000
vt 0.264047 0.320617
vt 0.277553 0.316519
vt 0.290001 0.309866
vt 0.300912 0.300912
vt 0.309866 0.290001
vt 0.316519 0.277553
vt 0.320617 0.264047
vt 0.322000 0.250000
vt 0.158000 0.250000
vt 0.159768 0.267948
vt 0.165003 0.285207
vt 0.173505 0.301113
vt 0.184946 0.315054
vt 0.198888 0.326495
vt 0.214793 0.334997
vt 0.232052 0.340232
vt 0.250000 0.342000
vt 0.267948 0.340232
vt 0.285207 0.334997
vt 0.301113 0.326495
vt 0.315054 0.315054
vt 0.326495 0.301113
vt 0.334997 0.285207
vt 0.340232 0.267948
vt 0.342000 0.250000
vt 0.320617 0.235954
vt 0.316519 0.222447
vt 0.309866 0.209999
vt 0.300912 0.199088
vt 0.290001 0.190134
vt 0.277553 0.183481
vt 0.264047 0.179384
vt 0.250000 0.178000
vt 0.235954 0.179384
vt 0.222447 0.183481
vt 0.209999 0.190134
vt 0.199088 0.199088
vt 0.190134 0.209999
vt 0.183481 0.222447
vt 0.179384 0.235954
vt 0.014612 0.203178
vt 0.028269 0.158156
vt 0.050447 0.116663
vt 0.080294 0.080294
vt 0.116663 0.050447
vt 0.158156 0.028269
vt 0.203178 0.014612
vt 0.250000 0.010000
vt 0.296822 0.014612
vt 0.341844 0.028269
vt 0.383337 0.050447
vt 0.419706 0.080294
vt 0.449553 0.116663
vt 0.471731 0.158156
vt 0.485388 0.203178
vt 0.340232 0.232052
vt 0.334997 0.214793
vt 0.326495 0.198888
vt 0.315054 0.184946
vt 0.301113 0.173505
vt 0.285207 0.165003
vt 0.267948 0.159768
vt 0.250000 0.158000
vt 0.232052 0.159768
vt 0.214793 0.165003
vt 0.198888 0.173505
vt 0.184946 0.184946
vt 0.173505 0.198888
vt 0.165003 0.214793
vt 0.159768 0.232052
vt 0.718750 0.504558
vt 0.718750 0.623234
vt 0.750000 0.623234
vt 0.750000 0.504558
vt 0.625000 0.504558
vt 0.625000 0.623234
vt 0.656250 0.623234
vt 0.656250 0.504558
vt 0.687500 0.623234
vt 0.687500 0.504558
vt 0.218750 0.504558
vt 0.218750 0.623234
vt 0.250000 0.623234
vt 0.250000 0.504558
vt 0.781250 0.504558
vt 0.781250 0.623234
vt 0.812500 0.623234
vt 0.812500 0.504558
vt 0.843750 0.504558
vt 0.843750 0.623234
vt 0.875000 0.623234
vt 0.875000 0.504558
vt 0.000000 0.504558
vt 0.000000 0.623234
vt 0.031250 0.623234
vt 0.031250 0.504558
vt 0.468750 0.504558
vt 0.468750 0.623234
vt 0.500000 0.623234
vt 0.500000 0.504558
vt 0.156250 0.504558
vt 0.156250 0.623234
vt 0.187500 0.623234
vt 0.187500 0.504558
vt 0.531250 0.623234
vt 0.531250 0.504558
vt 0.062500 0.623234
vt 0.062500 0.504558
vt 0.906250 0.623234
vt 0.906250 0.504558
vt 0.588927 0.973873
vt 0.589865 0.973666
vt 0.590730 0.973331
vt 0.591488 0.972880
vt 0.592110 0.972330
vt 0.592572 0.971702
vt 0.592857 0.971022
vt 0.592953 0.970314
vt 0.592857 0.969606
vt 0.592572 0.968925
vt 0.592110 0.968298
vt 0.591488 0.967748
vt 0.590730 0.967296
vt 0.589865 0.966961
vt 0.588927 0.966754
vt 0.597288 0.750329
vt 0.601793 0.751309
vt 0.606112 0.752920
vt 0.610158 0.755129
vt 0.613848 0.757891
vt 0.617108 0.761151
vt 0.619871 0.764842
vt 0.622080 0.768888
vt 0.623691 0.773207
vt 0.624671 0.777712
vt 0.625000 0.782310
vt 0.625000 0.968768
vt 0.624682 0.973212
vt 0.623735 0.977567
vt 0.622178 0.981742
vt 0.620042 0.985653
vt 0.617371 0.989220
vt 0.614220 0.992371
vt 0.610653 0.995042
vt 0.606742 0.997178
vt 0.602567 0.998735
vt 0.598212 0.999682
vt 0.679296 0.235171
vt 0.683393 0.221664
vt 0.690047 0.209216
vt 0.699001 0.198305
vt 0.709912 0.189351
vt 0.722359 0.182698
vt 0.735866 0.178601
vt 0.749913 0.177217
vt 0.763959 0.178601
vt 0.777466 0.182698
vt 0.789914 0.189351
vt 0.800824 0.198305
vt 0.809779 0.209216
vt 0.816432 0.221664
vt 0.820529 0.235171
vt 0.406250 0.504558
vt 0.406250 0.623234
vt 0.437500 0.623234
vt 0.437500 0.504558
vt 0.937500 0.623234
vt 0.937500 0.504558
vt 0.593750 0.504558
vt 0.593750 0.623234
vt 0.093750 0.504558
vt 0.093750 0.623234
vt 0.125000 0.623234
vt 0.125000 0.504558
vt 0.375000 0.504558
vt 0.375000 0.623234
vt 0.562500 0.504558
vt 0.562500 0.623234
vt 0.312500 0.504558
vt 0.312500 0.623234
vt 0.343750 0.623234
vt 0.343750 0.504558
vt 0.968750 0.504558
vt 0.968750 0.623234
vt 1.000000 0.623234
vt 1.000000 0.504558
vt 0.281250 0.623234
vt 0.281250 0.504558
vt 0.320529 0.235171
vt 0.316432 0.221664
vt 0.309778 0.209216
vt 0.300824 0.198305
vt 0.289914 0.189351
vt 0.277466 0.182698
vt 0.263959 0.178601
vt 0.249912 0.177217
vt 0.235866 0.178601
vt 0.222359 0.182698
vt 0.209911 0.189351
vt 0.199001 0.198305
vt 0.190047 0.209216
vt 0.183393 0.221664
vt 0.179296 0.235171
vt 0.000000 0.000000
s 0
usemtl Material.003
f 716/1437/249 1230/1438/249 1179/1439/249 717/1440/249
f 717/1440/250 1179/1439/250 1173/1441/250 718/1442/250
f 718/1442/251 1173/1441/251 1170/1443/251 719/1444/251
f 719/1444/252 1170/1443/252 1185/1445/252 720/1446/252
f 720/1446/253 1185/1445/253 1182/1447/253 721/1448/253
f 721/1448/254 1182/1447/254 1194/1449/254 722/1450/254
f 722/1450/255 1194/1449/255 1236/1451/255 723/1452/255
f 723/1452/256 1236/1451/256 1218/1453/256 724/1454/256
f 724/1454/257 1218/1453/257 1212/1455/257 725/1456/257
f 725/1456/258 1212/1455/258 1209/1457/258 726/1458/258
f 726/1458/259 1209/1457/259 1215/1459/259 727/1460/259
f 727/1460/260 1215/1459/260 1188/1461/260 728/1462/260
f 728/1462/261 1188/1461/261 1191/1463/261 729/1464/261
f 729/1464/262 1191/1463/262 1239/1465/262 730/1466/262
f 730/1466/263 1239/1465/263 1233/1467/263 731/1468/263
f 731/1468/264 1233/1467/264 1254/1469/264 732/1470/264
f 732/1470/265 1254/1469/265 1197/1471/265 733/1472/265
f 733/1472/266 1197/1471/266 1206/1473/266 734/1474/266
f 734/1474/267 1206/1473/267 1251/1475/267 735/1476/267
f 735/1476/268 1251/1475/268 1245/1477/268 736/1478/268
f 736/1478/269 1245/1477/269 1242/1479/269 737/1480/269
f 737/1480/270 1242/1479/270 1248/1481/270 738/1482/270
f 738/1482/271 1248/1481/271 1200/1483/271 739/1484/271
f 739/1484/272 1200/1483/272 1176/1485/272 740/1486/272
f 740/1486/273 1176/1485/273 1164/1487/273 741/1488/273
f 741/1488/274 1164/1487/274 1167/1489/274 742/1490/274
f 742/1490/275 1167/1489/275 1221/1491/275 743/1492/275
f 743/1492/276 1221/1491/276 1224/1493/276 744/1494/276
f 744/1494/277 1224/1493/277 1203/1495/277 745/1496/277
f 745/1496/278 1203/1495/278 1227/1497/278 746/1498/278
f 746/1498/279 1227/1497/279 1257/1499/279 747/1500/279
f 747/1500/280 1257/1499/280 1230/1501/280 716/1502/280
f 716/1503/281 717/1504/281 718/1505/281 719/1506/281 720/1507/281 721/1508/281 722/1509/281 723/1510/281 724/1511/281 725/1512/281 726/1513/281 727/1514/281 728/1515/281 729/1516/281 730/1517/281 731/1518/281 732/1519/281 733/1520/281 734/1521/281 735/1522/281 736/1523/281 737/1524/281 738/1525/281 739/1526/281 740/1527/281 741/1528/281 742/1529/281 743/1530/281 744/1531/281 745/1532/281 746/1533/281 747/1534/281
f 748/1437/265 749/1440/265 1137/1535/265 1154/1536/265
f 749/1440/266 750/1442/266 1135/1537/266 1137/1535/266
f 750/1442/267 751/1444/267 1134/1538/267 1135/1537/267
f 751/1444/268 752/1446/268 1139/1539/268 1134/1538/268
f 752/1446/269 753/1448/269 1138/1540/269 1139/1539/269
f 753/1448/270 754/1450/270 1142/1541/270 1138/1540/270
f 754/1450/271 755/1452/271 1156/1542/271 1142/1541/271
f 755/1452/272 756/1454/272 1150/1543/272 1156/1542/272
f 756/1454/273 757/1456/273 1148/1544/273 1150/1543/273
f 757/1456/274 758/1458/274 1147/1545/274 1148/1544/274
f 758/1458/275 759/1460/275 1149/1546/275 1147/1545/275
f 759/1460/276 760/1462/276 1140/1547/276 1149/1546/276
f 760/1462/277 761/1464/277 1141/1548/277 1140/1547/277
f 761/1464/278 762/1466/278 1157/1549/278 1141/1548/278
f 762/1466/279 763/1468/279 1155/1550/279 1157/1549/279
f 763/1468/282 764/1470/282 1162/1551/282 1155/1550/282
f 764/1470/249 765/1472/249 1143/1552/249 1162/1551/249
f 765/1472/283 766/1474/283 1146/1553/283 1143/1552/283
f 766/1474/284 767/1476/284 1161/1554/284 1146/1553/284
f 767/1476/252 768/1478/252 1159/1555/252 1161/1554/252
f 768/1478/285 769/1480/285 1158/1556/285 1159/1555/285
f 769/1480/254 770/1482/254 1160/1557/254 1158/1556/254
f 770/1482/255 771/1484/255 1144/1558/255 1160/1557/255
f 771/1484/256 772/1486/256 1136/1559/256 1144/1558/256
f 772/1486/257 773/1488/257 1132/1560/257 1136/1559/257
f 773/1488/258 774/1490/258 1133/1561/258 1132/1560/258
f 774/1490/259 775/1492/259 1151/1562/259 1133/1561/259
f 775/1492/286 776/1494/286 1152/1563/286 1151/1562/286
f 776/1494/261 777/1496/261 1145/1564/261 1152/1563/261
f 777/1496/262 778/1498/262 1153/1565/262 1145/1564/262
f 778/1498/263 779/1500/263 1163/1566/263 1153/1565/263
f 779/1500/264 748/1502/264 1154/1567/264 1163/1566/264
f 748/1503/287 779/1534/287 778/1533/287 777/1532/287 776/1531/287 775/1530/287 774/1529/287 773/1528/287 772/1527/287 771/1526/287 770/1525/287 769/1524/287 768/1523/287 767/1522/287 766/1521/287 765/1520/287 764/1519/287 763/1518/287 762/1517/287 761/1516/287 760/1515/287 759/1514/287 758/1513/287 757/1512/287 756/1511/287 755/1510/287 754/1509/287 753/1508/287 752/1507/287 751/1506/287 750/1505/287 749/1504/287
f 780/1437/265 781/1440/265 1105/1568/265 1122/1569/265
f 781/1440/266 782/1442/266 1103/1570/266 1105/1568/266
f 782/1442/267 783/1444/267 1102/1571/267 1103/1570/267
f 783/1444/268 784/1446/268 1107/1572/268 1102/1571/268
f 784/1446/269 785/1448/269 1106/1573/269 1107/1572/269
f 785/1448/270 786/1450/270 1110/1574/270 1106/1573/270
f 786/1450/271 787/1452/271 1124/1575/271 1110/1574/271
f 787/1452/272 788/1454/272 1118/1576/272 1124/1575/272
f 788/1454/273 789/1456/273 1116/1577/273 1118/1576/273
f 789/1456/274 790/1458/274 1115/1578/274 1116/1577/274
f 790/1458/275 791/1460/275 1117/1579/275 1115/1578/275
f 791/1460/276 792/1462/276 1108/1580/276 1117/1579/276
f 792/1462/277 793/1464/277 1109/1581/277 1108/1580/277
f 793/1464/278 794/1466/278 1125/1582/278 1109/1581/278
f 794/1466/279 795/1468/279 1123/1583/279 1125/1582/279
f 795/1468/282 796/1470/282 1130/1584/282 1123/1583/282
f 796/1470/249 797/1472/249 1111/1585/249 1130/1584/249
f 797/1472/283 798/1474/283 1114/1586/283 1111/1585/283
f 798/1474/284 799/1476/284 1129/1587/284 1114/1586/284
f 799/1476/252 800/1478/252 1127/1588/252 1129/1587/252
f 800/1478/285 801/1480/285 1126/1589/285 1127/1588/285
f 801/1480/254 802/1482/254 1128/1590/254 1126/1589/254
f 802/1482/255 803/1484/255 1112/1591/255 1128/1590/255
f 803/1484/256 804/1486/256 1104/1592/256 1112/1591/256
f 804/1486/257 805/1488/257 1100/1593/257 1104/1592/257
f 805/1488/258 806/1490/258 1101/1594/258 1100/1593/258
f 806/1490/259 807/1492/259 1119/1595/259 1101/1594/259
f 807/1492/286 808/1494/286 1120/1596/286 1119/1595/286
f 808/1494/261 809/1496/261 1113/1597/261 1120/1596/261
f 809/1496/262 810/1498/262 1121/1598/262 1113/1597/262
f 810/1498/263 811/1500/263 1131/1599/263 1121/1598/263
f 811/1500/264 780/1502/264 1122/1600/264 1131/1599/264
f 780/1503/287 811/1534/287 810/1533/287 809/1532/287 808/1531/287 807/1530/287 806/1529/287 805/1528/287 804/1527/287 803/1526/287 802/1525/287 801/1524/287 800/1523/287 799/1522/287 798/1521/287 797/1520/287 796/1519/287 795/1518/287 794/1517/287 793/1516/287 792/1515/287 791/1514/287 790/1513/287 789/1512/287 788/1511/287 787/1510/287 786/1509/287 785/1508/287 784/1507/287 783/1506/287 782/1505/287 781/1504/287
f 836/1601/287 838/1602/287 839/1603/287 840/1604/287 841/1605/287 842/1606/287 843/1607/287 844/1608/287 845/1609/287 846/1610/287 847/1611/287 837/1612/287 884/1613/287 1219/1614/287 1213/1615/287 1210/1616/287 1216/1617/287 1189/1618/287 1192/1619/287 1240/1620/287 1234/1621/287 1255/1622/287 1198/1623/287 1207/1624/287 1252/1625/287 1246/1626/287 1243/1627/287 1249/1628/287 1201/1629/287 1177/1630/287 813/1631/287 860/1632/287 862/1633/287 863/1634/287 864/1635/287 865/1636/287 866/1637/287 867/1638/287 868/1639/287 869/1640/287 870/1641/287 871/1642/287 861/1643/287
f 872/1644/288 849/1645/288 836/1646/288 861/1647/288
f 896/1648/289 825/1649/289 812/1650/289 885/1651/289
f 848/1652/290 897/1653/290 884/1613/290 837/1612/290
f 812/1650/291 825/1649/291 835/1654/291 814/1655/291
f 814/1655/292 835/1654/292 834/1656/292 815/1657/292
f 815/1657/293 834/1656/293 833/1658/293 816/1659/293
f 816/1659/294 833/1658/294 832/1660/294 817/1661/294
f 817/1661/295 832/1660/295 831/1446/295 818/1662/295
f 818/1663/296 831/1664/296 830/1665/296 819/1666/296
f 819/1666/297 830/1665/297 829/1667/297 820/1668/297
f 820/1668/298 829/1667/298 828/1669/298 821/1670/298
f 821/1670/299 828/1669/299 827/1671/299 822/1672/299
f 822/1672/300 827/1671/300 826/1673/300 823/1674/300
f 823/1674/301 826/1673/301 824/1675/301 813/1676/301
f 836/1646/302 849/1645/302 859/1677/302 838/1678/302
f 838/1678/303 859/1677/303 858/1679/303 839/1680/303
f 839/1680/304 858/1679/304 857/1681/304 840/1682/304
f 840/1682/305 857/1681/305 856/1683/305 841/1684/305
f 841/1684/306 856/1683/306 855/1685/306 842/1686/306
f 842/1686/307 855/1685/307 854/1687/307 843/1688/307
f 843/1688/308 854/1687/308 853/1689/308 844/1690/308
f 844/1690/309 853/1689/309 852/1691/309 845/1692/309
f 845/1692/310 852/1691/310 851/1693/310 846/1694/310
f 846/1694/311 851/1693/311 850/1695/311 847/1696/311
f 847/1696/312 850/1695/312 848/1652/312 837/1612/312
f 872/1697/281 874/1698/281 875/1699/281 876/1700/281 877/1701/281 878/1702/281 879/1703/281 880/1704/281 881/1705/281 882/1706/281 883/1707/281 873/1708/281 824/1675/281 826/1709/281 827/1710/281 828/1711/281 829/1712/281 830/1713/281 831/1714/281 832/1715/281 833/1716/281 834/1717/281 835/1718/281 825/1719/281 896/1720/281 898/1721/281 899/1722/281 900/1723/281 901/1724/281 902/1725/281 903/1726/281 904/1727/281 905/1728/281 906/1729/281 907/1730/281 897/1653/281 848/1652/281 850/1731/281 851/1732/281 852/1733/281 853/1734/281 854/1735/281 855/1736/281 856/1737/281 857/1738/281 858/1739/281 859/1740/281 849/1741/281
f 872/1644/313 861/1647/313 871/1742/313 874/1743/313
f 874/1743/314 871/1742/314 870/1744/314 875/1745/314
f 875/1745/315 870/1744/315 869/1746/315 876/1747/315
f 876/1747/316 869/1746/316 868/1748/316 877/1749/316
f 877/1749/317 868/1748/317 867/1750/317 878/1751/317
f 878/1751/318 867/1750/318 866/1752/318 879/1494/318
f 879/1753/319 866/1754/319 865/1755/319 880/1756/319
f 880/1756/320 865/1755/320 864/1757/320 881/1758/320
f 881/1758/321 864/1757/321 863/1759/321 882/1760/321
f 882/1760/322 863/1759/322 862/1761/322 883/1762/322
f 883/1762/323 862/1761/323 860/1763/323 873/1708/323
f 896/1648/324 885/1651/324 895/1764/324 898/1765/324
f 898/1765/325 895/1764/325 894/1766/325 899/1767/325
f 899/1767/326 894/1766/326 893/1768/326 900/1769/326
f 900/1769/327 893/1768/327 892/1770/327 901/1771/327
f 901/1771/328 892/1770/328 891/1772/328 902/1773/328
f 902/1773/329 891/1772/329 890/1774/329 903/1775/329
f 903/1775/330 890/1774/330 889/1776/330 904/1777/330
f 904/1777/331 889/1776/331 888/1778/331 905/1779/331
f 905/1779/332 888/1778/332 887/1780/332 906/1781/332
f 906/1781/333 887/1780/333 886/1782/333 907/1783/333
f 907/1783/334 886/1782/334 884/1613/334 897/1653/334
f 860/1763/335 813/1676/335 824/1675/335 873/1708/335
f 908/1437/249 909/1784/249 911/1785/249 910/1440/249
f 910/1440/283 911/1785/283 913/1786/283 912/1442/283
f 912/1442/284 913/1786/284 915/1787/284 914/1444/284
f 914/1444/252 915/1787/252 917/1788/252 916/1446/252
f 916/1446/285 917/1788/285 919/1789/285 918/1448/285
f 918/1448/254 919/1789/254 921/1790/254 920/1450/254
f 920/1450/255 921/1790/255 923/1791/255 922/1452/255
f 922/1452/256 923/1791/256 925/1792/256 924/1454/256
f 924/1454/257 925/1792/257 927/1793/257 926/1456/257
f 926/1456/258 927/1793/258 929/1794/258 928/1458/258
f 928/1458/259 929/1794/259 931/1795/259 930/1460/259
f 930/1460/286 931/1795/286 933/1796/286 932/1462/286
f 932/1462/261 933/1796/261 935/1797/261 934/1464/261
f 934/1464/262 935/1797/262 937/1798/262 936/1466/262
f 936/1466/263 937/1798/263 939/1799/263 938/1468/263
f 938/1468/264 939/1799/264 941/1800/264 940/1470/264
f 940/1470/265 941/1800/265 943/1801/265 942/1472/265
f 942/1472/266 943/1801/266 945/1802/266 944/1474/266
f 944/1474/267 945/1802/267 947/1803/267 946/1476/267
f 946/1476/268 947/1803/268 949/1804/268 948/1478/268
f 948/1478/269 949/1804/269 951/1805/269 950/1480/269
f 950/1480/270 951/1805/270 953/1806/270 952/1482/270
f 952/1482/271 953/1806/271 955/1807/271 954/1484/271
f 954/1484/272 955/1807/272 957/1808/272 956/1486/272
f 956/1486/273 957/1808/273 959/1809/273 958/1488/273
f 958/1488/274 959/1809/274 961/1810/274 960/1490/274
f 960/1490/275 961/1810/275 963/1811/275 962/1492/275
f 962/1492/276 963/1811/276 965/1812/276 964/1494/276
f 964/1494/277 965/1812/277 967/1813/277 966/1496/277
f 966/1496/278 967/1813/278 969/1814/278 968/1498/278
f 911/1815/287 909/1816/287 971/1817/287 969/1818/287 967/1819/287 965/1820/287 963/1821/287 961/1822/287 959/1823/287 957/1824/287 1178/1825/287 1166/1826/287 1169/1827/287 1223/1828/287 1226/1829/287 1205/1830/287 1229/1831/287 1259/1832/287 1232/1833/287 1181/1834/287 1175/1835/287 1172/1836/287 1187/1837/287 1184/1838/287 1196/1839/287 1238/1840/287 1220/1841/287 925/1842/287 923/1843/287 921/1844/287 919/1845/287 917/1846/287 915/1847/287 913/1848/287
f 968/1498/279 969/1814/279 971/1849/279 970/1500/279
f 970/1500/282 971/1849/282 909/1850/282 908/1502/282
f 908/1503/281 910/1504/281 912/1505/281 914/1506/281 916/1507/281 918/1508/281 920/1509/281 922/1510/281 924/1511/281 1218/1851/281 1236/1852/281 1194/1853/281 1182/1854/281 1185/1855/281 1170/1856/281 1173/1857/281 1179/1858/281 1230/1859/281 1257/1860/281 1227/1861/281 1203/1862/281 1224/1863/281 1221/1864/281 1167/1865/281 1164/1866/281 1176/1867/281 956/1527/281 958/1528/281 960/1529/281 962/1530/281 964/1531/281 966/1532/281 968/1533/281 970/1534/281
f 972/1437/249 973/1784/249 975/1785/249 974/1440/249
f 974/1440/283 975/1785/283 977/1786/283 976/1442/283
f 976/1442/284 977/1786/284 979/1787/284 978/1444/284
f 978/1444/252 979/1787/252 981/1788/252 980/1446/252
f 980/1446/285 981/1788/285 983/1789/285 982/1448/285
f 982/1448/254 983/1789/254 985/1790/254 984/1450/254
f 984/1450/255 985/1790/255 987/1791/255 986/1452/255
f 986/1452/256 987/1791/256 989/1792/256 988/1454/256
f 988/1454/257 989/1792/257 991/1793/257 990/1456/257
f 990/1456/258 991/1793/258 993/1794/258 992/1458/258
f 992/1458/259 993/1794/259 995/1795/259 994/1460/259
f 994/1460/286 995/1795/286 997/1796/286 996/1462/286
f 996/1462/261 997/1796/261 999/1797/261 998/1464/261
f 998/1464/262 999/1797/262 1001/1798/262 1000/1466/262
f 1000/1466/263 1001/1798/263 1003/1799/263 1002/1468/263
f 1002/1468/264 1003/1799/264 1005/1800/264 1004/1470/264
f 1004/1470/265 1005/1800/265 1007/1801/265 1006/1472/265
f 1006/1472/266 1007/1801/266 1009/1802/266 1008/1474/266
f 1008/1474/267 1009/1802/267 1011/1803/267 1010/1476/267
f 1010/1476/268 1011/1803/268 1013/1804/268 1012/1478/268
f 1012/1478/269 1013/1804/269 1015/1805/269 1014/1480/269
f 1014/1480/270 1015/1805/270 1017/1806/270 1016/1482/270
f 1016/1482/271 1017/1806/271 1019/1807/271 1018/1484/271
f 1018/1484/272 1019/1807/272 1021/1808/272 1020/1486/272
f 1020/1486/273 1021/1808/273 1023/1809/273 1022/1488/273
f 1022/1488/274 1023/1809/274 1025/1810/274 1024/1490/274
f 1024/1490/275 1025/1810/275 1027/1811/275 1026/1492/275
f 1026/1492/276 1027/1811/276 1029/1812/276 1028/1494/276
f 1028/1494/277 1029/1812/277 1031/1813/277 1030/1496/277
f 1030/1496/278 1031/1813/278 1033/1814/278 1032/1498/278
f 975/1815/287 973/1816/287 1035/1817/287 1033/1818/287 1031/1819/287 1029/1820/287 1027/1821/287 1025/1822/287 1023/1823/287 1021/1824/287 1104/1868/287 1100/1869/287 1101/1870/287 1119/1871/287 1120/1872/287 1113/1873/287 1121/1874/287 1131/1875/287 1122/1876/287 1105/1877/287 1103/1878/287 1102/1879/287 1107/1880/287 1106/1881/287 1110/1882/287 1124/1883/287 1118/1884/287 989/1842/287 987/1843/287 985/1844/287 983/1845/287 981/1846/287 979/1847/287 977/1848/287
f 1032/1498/279 1033/1814/279 1035/1849/279 1034/1500/279
f 1034/1500/282 1035/1849/282 973/1850/282 972/1502/282
f 972/1503/281 974/1504/281 976/1505/281 978/1506/281 980/1507/281 982/1508/281 984/1509/281 986/1510/281 988/1511/281 990/1512/281 992/1513/281 994/1514/281 996/1515/281 998/1516/281 1000/1517/281 1002/1518/281 1004/1519/281 1006/1520/281 1008/1521/281 1010/1522/281 1012/1523/281 1014/1524/281 1016/1525/281 1018/1526/281 1020/1527/281 1022/1528/281 1024/1529/281 1026/1530/281 1028/1531/281 1030/1532/281 1032/1533/281 1034/1534/281
f 1036/1437/249 1037/1784/249 1039/1785/249 1038/1440/249
f 1038/1440/283 1039/1785/283 1041/1786/283 1040/1442/283
f 1040/1442/284 1041/1786/284 1043/1787/284 1042/1444/284
f 1042/1444/252 1043/1787/252 1045/1788/252 1044/1446/252
f 1044/1446/285 1045/1788/285 1047/1789/285 1046/1448/285
f 1046/1448/254 1047/1789/254 1049/1790/254 1048/1450/254
f 1048/1450/255 1049/1790/255 1051/1791/255 1050/1452/255
f 1050/1452/256 1051/1791/256 1053/1792/256 1052/1454/256
f 1052/1454/257 1053/1792/257 1055/1793/257 1054/1456/257
f 1054/1456/258 1055/1793/258 1057/1794/258 1056/1458/258
f 1056/1458/259 1057/1794/259 1059/1795/259 1058/1460/259
f 1058/1460/286 1059/1795/286 1061/1796/286 1060/1462/286
f 1060/1462/261 1061/1796/261 1063/1797/261 1062/1464/261
f 1062/1464/262 1063/1797/262 1065/1798/262 1064/1466/262
f 1064/1466/263 1065/1798/263 1067/1799/263 1066/1468/263
f 1066/1468/264 1067/1799/264 1069/1800/264 1068/1470/264
f 1068/1470/265 1069/1800/265 1071/1801/265 1070/1472/265
f 1070/1472/266 1071/1801/266 1073/1802/266 1072/1474/266
f 1072/1474/267 1073/1802/267 1075/1803/267 1074/1476/267
f 1074/1476/268 1075/1803/268 1077/1804/268 1076/1478/268
f 1076/1478/269 1077/1804/269 1079/1805/269 1078/1480/269
f 1078/1480/270 1079/1805/270 1081/1806/270 1080/1482/270
f 1080/1482/271 1081/1806/271 1083/1807/271 1082/1484/271
f 1082/1484/272 1083/1807/272 1085/1808/272 1084/1486/272
f 1084/1486/273 1085/1808/273 1087/1809/273 1086/1488/273
f 1086/1488/274 1087/1809/274 1089/1810/274 1088/1490/274
f 1088/1490/275 1089/1810/275 1091/1811/275 1090/1492/275
f 1090/1492/276 1091/1811/276 1093/1812/276 1092/1494/276
f 1092/1494/277 1093/1812/277 1095/1813/277 1094/1496/277
f 1094/1496/278 1095/1813/278 1097/1814/278 1096/1498/278
f 1039/1815/287 1037/1816/287 1099/1817/287 1097/1818/287 1095/1819/287 1093/1820/287 1091/1821/287 1089/1822/287 1087/1823/287 1085/1824/287 1136/1885/287 1132/1886/287 1133/1887/287 1151/1888/287 1152/1889/287 1145/1890/287 1153/1891/287 1163/1892/287 1154/1893/287 1137/1894/287 1135/1895/287 1134/1896/287 1139/1897/287 1138/1898/287 1142/1899/287 1156/1900/287 1150/1901/287 1053/1842/287 1051/1843/287 1049/1844/287 1047/1845/287 1045/1846/287 1043/1847/287 1041/1848/287
f 1096/1498/279 1097/1814/279 1099/1849/279 1098/1500/279
f 1098/1500/282 1099/1849/282 1037/1850/282 1036/1502/282
f 1036/1503/281 1038/1504/281 1040/1505/281 1042/1506/281 1044/1507/281 1046/1508/281 1048/1509/281 1050/1510/281 1052/1511/281 1054/1512/281 1056/1513/281 1058/1514/281 1060/1515/281 1062/1516/281 1064/1517/281 1066/1518/281 1068/1519/281 1070/1520/281 1072/1521/281 1074/1522/281 1076/1523/281 1078/1524/281 1080/1525/281 1082/1526/281 1084/1527/281 1086/1528/281 1088/1529/281 1090/1530/281 1092/1531/281 1094/1532/281 1096/1533/281 1098/1534/281
f 989/1842/287 1118/1884/287 1116/1902/287 1115/1903/287 1117/1904/287 1108/1905/287 1109/1906/287 1125/1907/287 1123/1908/287 1130/1909/287 1111/1910/287 1114/1911/287 1129/1912/287 1127/1913/287 1126/1914/287 1128/1915/287 1112/1916/287 1104/1868/287 1021/1824/287 1019/1917/287 1017/1918/287 1015/1919/287 1013/1920/287 1011/1921/287 1009/1922/287 1007/1923/287 1005/1924/287 1003/1925/287 1001/1926/287 999/1927/287 997/1928/287 995/1929/287 993/1930/287 991/1931/287
f 1053/1842/287 1150/1901/287 1148/1932/287 1147/1933/287 1149/1934/287 1140/1935/287 1141/1936/287 1157/1937/287 1155/1938/287 1162/1939/287 1143/1940/287 1146/1941/287 1161/1942/287 1159/1943/287 1158/1944/287 1160/1945/287 1144/1946/287 1136/1885/287 1085/1824/287 1083/1917/287 1081/1918/287 1079/1919/287 1077/1920/287 1075/1921/287 1073/1922/287 1071/1923/287 1069/1924/287 1067/1925/287 1065/1926/287 1063/1927/287 1061/1928/287 1059/1929/287 1057/1930/287 1055/1931/287
f 1213/1947/273 1214/1948/273 1220/1949/273 1219/1950/273
f 1189/1951/276 1190/1952/276 1217/1953/276 1216/1954/276
f 1216/1954/275 1217/1953/275 1211/1955/275 1210/1956/275
f 1165/1957/257 1166/1958/257 1178/1959/257 1177/1960/257
f 1237/1961/271 1238/1962/271 1196/1963/271 1195/1964/271
f 1219/1950/272 1220/1949/272 1238/1962/272 1237/1961/272
f 1183/1965/269 1184/1966/269 1187/1967/269 1186/1968/269
f 1231/1969/264 1232/1970/264 1259/1971/264 1258/1972/264
f 1198/1973/249 1199/1974/249 1256/1975/249 1255/1976/249
f 1222/1977/259 1223/1978/259 1169/1979/259 1168/1980/259
f 1255/1976/282 1256/1975/282 1235/1981/282 1234/1982/282
f 1258/1972/263 1259/1971/263 1229/1983/263 1228/1984/263
f 1186/1968/268 1187/1967/268 1172/1985/268 1171/1986/268
f 813/1631/287 1177/1630/287 1165/1987/287 1168/1988/287 1222/1989/287 1225/1990/287 1204/1991/287 1228/1992/287 1258/1993/287 1231/1994/287 1180/1995/287 1174/1996/287 1171/1997/287 1186/1998/287 1183/1999/287 1195/2000/287 1237/2001/287 1219/1614/287 884/1613/287 886/2002/287 887/2003/287 888/2004/287 889/2005/287 890/2006/287 891/2007/287 892/2008/287 893/2009/287 894/2010/287 895/2011/287 885/2012/287 812/2013/287 814/2014/287 815/2015/287 816/2016/287 817/2017/287 818/2018/287 819/2019/287 820/2020/287 821/2021/287 822/2022/287 823/2023/287
f 956/1527/281 1176/1867/281 1200/2024/281 1248/2025/281 1242/2026/281 1245/2027/281 1251/2028/281 1206/2029/281 1197/2030/281 1254/2031/281 1233/2032/281 1239/2033/281 1191/2034/281 1188/2035/281 1215/2036/281 1209/2037/281 1212/2038/281 1218/1851/281 924/1511/281 926/1512/281 928/1513/281 930/1514/281 932/1515/281 934/1516/281 936/1517/281 938/1518/281 940/1519/281 942/1520/281 944/1521/281 946/1522/281 948/1523/281 950/1524/281 952/1525/281 954/1526/281
f 1252/2039/284 1253/2040/284 1208/2041/284 1207/2042/284
f 1171/1986/267 1172/1985/267 1175/2043/267 1174/2044/267
f 1192/2045/277 1193/2046/277 1190/1952/277 1189/1951/277
f 1204/2047/261 1205/2048/261 1226/2049/261 1225/2050/261
f 1168/1980/258 1169/1979/258 1166/1958/258 1165/1957/258
f 1246/2051/252 1247/2052/252 1253/2040/252 1252/2039/252
f 1240/2053/278 1241/2054/278 1193/2046/278 1192/2045/278
f 1249/2055/254 1250/2056/254 1244/2057/254 1243/2058/254
f 1180/2059/265 1181/2060/265 1232/2061/265 1231/2062/265
f 1195/1964/270 1196/1963/270 1184/1966/270 1183/1965/270
f 1177/1960/256 1178/1959/256 1202/2063/256 1201/2064/256
f 1210/1956/274 1211/1955/274 1214/1948/274 1213/1947/274
f 1207/2042/283 1208/2041/283 1199/1974/283 1198/1973/283
f 1228/1984/262 1229/1983/262 1205/2048/262 1204/2047/262
f 1174/2044/266 1175/2043/266 1181/2060/266 1180/2059/266
f 1201/2064/255 1202/2063/255 1250/2056/255 1249/2055/255
f 1234/1982/279 1235/1981/279 1241/2054/279 1240/2053/279
f 1225/2050/286 1226/2049/286 1223/1978/286 1222/1977/286
f 1243/2058/285 1244/2057/285 1247/2052/285 1246/2051/285
f 925/1842/287 1220/1841/287 1214/2065/287 1211/2066/287 1217/2067/287 1190/2068/287 1193/2069/287 1241/2070/287 1235/2071/287 1256/2072/287 1199/2073/287 1208/2074/287 1253/2075/287 1247/2076/287 1244/2077/287 1250/2078/287 1202/2079/287 1178/1825/287 957/1824/287 955/1917/287 953/1918/287 951/1919/287 949/1920/287 947/1921/287 945/1922/287 943/1923/287 941/1924/287 939/1925/287 937/1926/287 935/1927/287 933/1928/287 931/1929/287 929/1930/287 927/1931/287
f 1167/2080/287 1164/2080/287 1176/2080/287 1200/2080/287 1248/2080/287 1242/2080/287 1245/2080/287 1251/2080/287 1206/2080/287 1197/2080/287 1254/2080/287 1233/2080/287 1239/2080/287 1191/2080/287 1188/2080/287 1215/2080/287 1209/2080/287 1212/2080/287 1218/2080/287 1236/2080/287 1194/2080/287 1182/2080/287 1185/2080/287 1170/2080/287 1173/2080/287 1179/2080/287 1230/2080/287 1257/2080/287 1227/2080/287 1203/2080/287 1224/2080/287 1221/2080/287
f 1222/2080/287 1168/2080/287 1165/2080/287 1177/2080/287 1201/2080/287 1249/2080/287 1243/2080/287 1246/2080/287 1252/2080/287 1207/2080/287 1198/2080/287 1255/2080/287 1234/2080/287 1240/2080/287 1192/2080/287 1189/2080/287 1216/2080/287 1210/2080/287 1213/2080/287 1219/2080/287 1237/2080/287 1195/2080/287 1183/2080/287 1186/2080/287 1171/2080/287 1174/2080/287 1180/2080/287 1231/2080/287 1258/2080/287 1228/2080/287 1204/2080/287 1225/2080/287
