# Blender 4.1.1
# www.blender.org
mtllib Enclosure.mtl
o Base
v 0.002877 0.003082 0.006023
v 0.001920 0.003082 0.006270
v 0.001023 0.003082 0.006610
v 0.000205 0.003082 0.007034
v -0.000517 0.003082 0.007534
v -0.001129 0.003082 0.008101
v -0.001618 0.003082 0.008722
v -0.001975 0.003082 0.009385
v 0.004894 0.001139 0.005822
v -0.001975 0.001139 0.009385
v -0.001618 0.001139 0.008722
v -0.001129 0.001139 0.008101
v -0.000517 0.001139 0.007534
v 0.000205 0.001139 0.007034
v 0.001023 0.001139 0.006610
v 0.001920 0.001139 0.006270
v 0.002877 0.001139 0.006023
v 0.003875 0.001139 0.005873
v 0.047879 0.003082 0.045527
v 0.055038 0.003082 0.040566
v 0.048898 0.003082 0.045476
v 0.049896 0.003082 0.045326
v 0.050853 0.003082 0.045078
v 0.051749 0.003082 0.044739
v 0.052567 0.003082 0.044315
v 0.053289 0.003082 0.043815
v 0.053901 0.003082 0.043248
v 0.054391 0.003082 0.042627
v 0.054748 0.003082 0.041964
v 0.054965 0.003082 0.041272
v 0.055038 0.001139 0.040566
v 0.047879 0.001139 0.045527
v 0.054965 0.001139 0.041272
v 0.054748 0.001139 0.041964
v 0.054391 0.001139 0.042627
v 0.053901 0.001139 0.043248
v 0.053289 0.001139 0.043815
v 0.052567 0.001139 0.044315
v 0.051749 0.001139 0.044739
v 0.050853 0.001139 0.045078
v 0.049896 0.001139 0.045326
v 0.048898 0.001139 0.045476
v -0.002265 0.003082 0.040395
v 0.005140 0.003082 0.045527
v -0.002190 0.003082 0.041125
v -0.001965 0.003082 0.041841
v -0.001596 0.003082 0.042527
v -0.001090 0.003082 0.043169
v -0.000456 0.003082 0.043755
v 0.000291 0.003082 0.044273
v 0.001137 0.003082 0.044712
v 0.002064 0.003082 0.045063
v 0.003054 0.003082 0.045319
v 0.004087 0.003082 0.045474
v 0.005140 0.001139 0.045527
v -0.002265 0.001139 0.040395
v 0.004087 0.001139 0.045474
v 0.003054 0.001139 0.045319
v 0.002064 0.001139 0.045063
v 0.001137 0.001139 0.044712
v 0.000291 0.001139 0.044273
v -0.000456 0.001139 0.043755
v -0.001090 0.001139 0.043169
v -0.001596 0.001139 0.042527
v -0.001965 0.001139 0.041841
v -0.002190 0.001139 0.041125
v 0.055038 0.003082 0.010954
v 0.054962 0.003082 0.010223
v 0.054738 0.003082 0.009508
v 0.054368 0.003082 0.008822
v 0.053862 0.003082 0.008179
v 0.053229 0.003082 0.007593
v 0.052482 0.003082 0.007075
v 0.047632 0.001139 0.005822
v 0.055038 0.001139 0.010954
v 0.048686 0.001139 0.005874
v 0.049718 0.001139 0.006030
v 0.050708 0.001139 0.006286
v 0.051636 0.001139 0.006637
v 0.052482 0.001139 0.007075
v 0.053229 0.001139 0.007593
v 0.053862 0.001139 0.008179
v 0.054368 0.001139 0.008822
v 0.054738 0.001139 0.009508
v 0.054962 0.001139 0.010223
v 0.033518 0.001111 0.043442
v 0.000271 0.001094 0.023736
v 0.033623 0.001111 0.008043
v 0.047368 0.001111 0.043442
v 0.012122 0.001094 0.043261
v 0.026054 0.001094 0.043261
v 0.047473 0.001111 0.008043
v 0.000271 0.001094 0.009805
v 0.047576 0.001899 0.005755
v 0.048442 0.001899 0.005791
v 0.049296 0.001899 0.005900
v 0.050124 0.001899 0.006080
v 0.050916 0.001899 0.006329
v 0.051658 0.001899 0.006642
v 0.005280 0.001899 0.005755
v 0.003497 0.001899 0.005906
v 0.004382 0.001899 0.005793
v 0.003123 -0.001135 0.048114
v -0.004703 -0.001135 0.042434
v 0.002179 -0.001135 0.048072
v 0.001250 -0.001135 0.047949
v 0.000348 -0.001135 0.047745
v -0.000514 -0.001135 0.047463
v -0.001323 -0.001135 0.047108
v -0.002067 -0.001135 0.046685
v -0.002735 -0.001135 0.046200
v -0.003318 -0.001135 0.045660
v -0.003807 -0.001135 0.045073
v -0.004194 -0.001135 0.044448
v -0.004476 -0.001135 0.043793
v -0.004646 -0.001135 0.043119
v -0.004703 0.012865 0.042434
v 0.003123 0.012865 0.048114
v -0.004646 0.012865 0.043119
v -0.004476 0.012865 0.043793
v -0.004194 0.012865 0.044448
v -0.003807 0.012865 0.045073
v -0.003318 0.012865 0.045660
v -0.002735 0.012865 0.046200
v -0.002067 0.012865 0.046685
v -0.001323 0.012865 0.047108
v -0.000514 0.012865 0.047463
v 0.000348 0.012865 0.047745
v 0.001250 0.012865 0.047949
v 0.002179 0.012865 0.048072
v 0.049471 -0.001135 0.003114
v 0.057297 -0.001135 0.008794
v 0.050415 -0.001135 0.003155
v 0.051344 -0.001135 0.003279
v 0.052246 -0.001135 0.003483
v 0.053108 -0.001135 0.003764
v 0.053917 -0.001135 0.004119
v 0.054661 -0.001135 0.004542
v 0.055329 -0.001135 0.005027
v 0.055912 -0.001135 0.005567
v 0.056401 -0.001135 0.006154
v 0.056788 -0.001135 0.006780
v 0.057070 -0.001135 0.007434
v 0.057240 -0.001135 0.008109
v 0.057297 0.012865 0.008794
v 0.049471 0.012865 0.003114
v 0.057240 0.012865 0.008109
v 0.057070 0.012865 0.007434
v 0.056788 0.012865 0.006780
v 0.056401 0.012865 0.006154
v 0.055912 0.012865 0.005567
v 0.055329 0.012865 0.005027
v 0.054661 0.012865 0.004542
v 0.053917 0.012865 0.004119
v 0.053108 0.012865 0.003764
v 0.052246 0.012865 0.003483
v 0.051344 0.012865 0.003279
v 0.050415 0.012865 0.003155
v -0.004703 -0.001135 0.009001
v 0.003408 -0.001135 0.003114
v -0.004644 -0.001135 0.008291
v -0.004467 -0.001135 0.007592
v -0.004176 -0.001135 0.006913
v -0.003774 -0.001135 0.006265
v -0.003267 -0.001135 0.005657
v -0.002663 -0.001135 0.005097
v -0.001971 -0.001135 0.004594
v -0.001199 -0.001135 0.004156
v -0.000361 -0.001135 0.003788
v 0.000532 -0.001135 0.003496
v 0.001467 -0.001135 0.003285
v 0.002431 -0.001135 0.003157
v 0.003408 0.012865 0.003114
v -0.004703 0.012865 0.009001
v 0.002431 0.012865 0.003157
v 0.001467 0.012865 0.003285
v 0.000532 0.012865 0.003496
v -0.000361 0.012865 0.003788
v -0.001199 0.012865 0.004156
v -0.001971 0.012865 0.004594
v -0.002663 0.012865 0.005097
v -0.003267 0.012865 0.005657
v -0.003774 0.012865 0.006265
v -0.004176 0.012865 0.006913
v -0.004467 0.012865 0.007592
v -0.004644 0.012865 0.008291
v 0.057297 -0.001135 0.042227
v 0.049186 -0.001135 0.048114
v 0.057238 -0.001135 0.042936
v 0.057061 -0.001135 0.043636
v 0.056770 -0.001135 0.044314
v 0.056368 -0.001135 0.044963
v 0.055861 -0.001135 0.045571
v 0.055257 -0.001135 0.046131
v 0.054565 -0.001135 0.046633
v 0.053793 -0.001135 0.047072
v 0.052955 -0.001135 0.047439
v 0.052062 -0.001135 0.047731
v 0.051127 -0.001135 0.047943
v 0.050163 -0.001135 0.048071
v 0.049186 0.012865 0.048114
v 0.057297 0.012865 0.042227
v 0.050163 0.012865 0.048071
v 0.051127 0.012865 0.047943
v 0.052062 0.012865 0.047731
v 0.052955 0.012865 0.047439
v 0.053793 0.012865 0.047072
v 0.054565 0.012865 0.046633
v 0.055257 0.012865 0.046131
v 0.055861 0.012865 0.045571
v 0.056368 0.012865 0.044963
v 0.056770 0.012865 0.044314
v 0.057061 0.012865 0.043636
v 0.057238 0.012865 0.042936
v 0.054708 0.012865 0.040903
v 0.054762 0.012865 0.040277
v 0.054710 0.012865 0.010164
v 0.054762 0.012865 0.010768
v 0.054553 0.012865 0.009568
v 0.054546 0.012865 0.041520
v 0.054295 0.012865 0.008990
v 0.050775 0.012865 0.044878
v 0.049955 0.012865 0.045135
v 0.051545 0.012865 0.044553
v 0.052253 0.012865 0.044166
v 0.052889 0.012865 0.043723
v 0.053444 0.012865 0.043229
v 0.054278 0.012865 0.042119
v 0.053909 0.012865 0.042692
v 0.053939 0.012865 0.008438
v 0.052955 0.012865 0.007443
v 0.053490 0.012865 0.007920
v 0.052341 0.012865 0.007015
v 0.051658 0.012865 0.006642
v 0.050916 0.012865 0.006329
v 0.050124 0.012865 0.006080
v 0.005018 0.012865 0.045473
v 0.047314 0.012865 0.045473
v 0.048212 0.012865 0.045435
v 0.004152 0.012865 0.045436
v 0.003298 0.012865 0.045327
v 0.049097 0.012865 0.045322
v 0.002470 0.012865 0.045147
v 0.001819 0.012865 0.006350
v 0.002639 0.012865 0.006092
v 0.049296 0.012865 0.005900
v 0.003497 0.012865 0.005906
v 0.004382 0.012865 0.005793
v 0.005280 0.012865 0.005755
v 0.047576 0.012865 0.005755
v 0.048442 0.012865 0.005791
v 0.001678 0.012865 0.044899
v 0.000936 0.012865 0.044586
v -0.000361 0.012865 0.043784
v -0.000896 0.012865 0.043308
v 0.000253 0.012865 0.044212
v -0.001345 0.012865 0.042789
v -0.001701 0.012865 0.042237
v -0.002116 0.012865 0.041064
v -0.001959 0.012865 0.041659
v -0.002168 0.012865 0.040460
v -0.002114 0.012865 0.010324
v -0.002168 0.012865 0.010951
v -0.001952 0.012865 0.009707
v -0.001684 0.012865 0.009108
v -0.000850 0.012865 0.007999
v -0.001315 0.012865 0.008536
v -0.000295 0.012865 0.007505
v 0.000341 0.012865 0.007061
v 0.001049 0.012865 0.006674
v 0.048789 -0.001135 0.041655
v 0.048811 -0.001135 0.041431
v 0.048811 -0.001135 0.041880
v 0.048983 -0.001135 0.041017
v 0.048877 -0.001135 0.042096
v 0.048877 -0.001135 0.041215
v 0.048983 -0.001135 0.042294
v 0.049300 -0.001135 0.040699
v 0.049126 -0.001135 0.042469
v 0.049715 -0.001135 0.042783
v 0.049715 -0.001135 0.040528
v 0.049499 -0.001135 0.042718
v 0.049499 -0.001135 0.040593
v 0.049300 -0.001135 0.042612
v 0.049126 -0.001135 0.040842
v 0.050163 -0.001135 0.040528
v 0.050163 -0.001135 0.042783
v 0.050578 -0.001135 0.040699
v 0.050578 -0.001135 0.042612
v 0.050379 -0.001135 0.040593
v 0.050379 -0.001135 0.042718
v 0.050895 -0.001135 0.041017
v 0.050895 -0.001135 0.042294
v 0.051089 -0.001135 0.041655
v 0.051067 -0.001135 0.041880
v 0.051067 -0.001135 0.041431
v 0.051051 -0.001135 0.041931
v 0.051001 -0.001135 0.042096
v 0.051001 -0.001135 0.041215
v 0.050752 -0.001135 0.042469
v 0.050752 -0.001135 0.040842
v 0.049939 -0.001135 0.042805
v 0.049939 -0.001135 0.040505
v 0.001760 -0.001135 0.041427
v 0.001777 -0.001135 0.041251
v 0.001777 -0.001135 0.041603
v 0.001911 -0.001135 0.040927
v 0.001828 -0.001135 0.041771
v 0.001828 -0.001135 0.041083
v 0.001911 -0.001135 0.041927
v 0.002160 -0.001135 0.040679
v 0.002023 -0.001135 0.042063
v 0.002145 -0.001135 0.042163
v 0.002484 -0.001135 0.042310
v 0.002484 -0.001135 0.040544
v 0.002315 -0.001135 0.042259
v 0.002315 -0.001135 0.040596
v 0.002160 -0.001135 0.042175
v 0.002023 -0.001135 0.040791
v 0.002835 -0.001135 0.040544
v 0.002835 -0.001135 0.042310
v 0.003160 -0.001135 0.040679
v 0.003160 -0.001135 0.042175
v 0.003004 -0.001135 0.040596
v 0.003004 -0.001135 0.042259
v 0.003408 -0.001135 0.040927
v 0.003408 -0.001135 0.041927
v 0.003560 -0.001135 0.041427
v 0.003542 -0.001135 0.041603
v 0.003542 -0.001135 0.041251
v 0.003491 -0.001135 0.041771
v 0.003491 -0.001135 0.041083
v 0.003296 -0.001135 0.042063
v 0.003296 -0.001135 0.040791
v 0.002660 -0.001135 0.040527
v 0.002660 -0.001135 0.042327
v 0.028311 -0.001135 0.015695
v 0.028328 -0.001135 0.015519
v 0.028328 -0.001135 0.015870
v 0.028463 -0.001135 0.015195
v 0.028463 -0.001135 0.016195
v 0.028380 -0.001135 0.015350
v 0.028380 -0.001135 0.016039
v 0.028711 -0.001135 0.014946
v 0.028711 -0.001135 0.016443
v 0.029036 -0.001135 0.014812
v 0.029036 -0.001135 0.016577
v 0.028867 -0.001135 0.014863
v 0.028867 -0.001135 0.016526
v 0.029211 -0.001135 0.014795
v 0.028575 -0.001135 0.015058
v 0.028575 -0.001135 0.016331
v 0.029387 -0.001135 0.014812
v 0.029387 -0.001135 0.016577
v 0.029711 -0.001135 0.014946
v 0.029711 -0.001135 0.016443
v 0.029556 -0.001135 0.014863
v 0.029556 -0.001135 0.016526
v 0.029959 -0.001135 0.015195
v 0.029959 -0.001135 0.016195
v 0.030111 -0.001135 0.015695
v 0.030094 -0.001135 0.015519
v 0.030094 -0.001135 0.015870
v 0.030043 -0.001135 0.015350
v 0.030043 -0.001135 0.016039
v 0.029848 -0.001135 0.015058
v 0.029848 -0.001135 0.016331
v 0.029211 -0.001135 0.016595
v 0.012122 0.007056 0.048114
v 0.012122 0.007056 0.045473
v 0.026054 0.007056 0.048114
v 0.026054 0.007056 0.045473
v 0.026054 0.001094 0.048114
v 0.012122 0.001984 0.048114
v 0.012122 0.001094 0.048114
v 0.033518 0.007039 0.048114
v 0.033518 0.007039 0.045473
v 0.047368 0.007039 0.048114
v 0.047314 0.007039 0.045473
v 0.047368 0.007039 0.045471
v 0.047368 0.001111 0.048114
v 0.033518 0.001856 0.048114
v 0.033518 0.001111 0.048114
v -0.002168 0.007056 0.023736
v -0.002168 0.007056 0.010951
v -0.004703 0.001094 0.023736
v -0.004703 0.001094 0.009805
v -0.004703 0.007056 0.009805
v -0.004703 0.007056 0.023736
v -0.002114 0.007056 0.010324
v -0.001977 0.007056 0.009805
v 0.033623 0.001899 0.005755
v 0.047473 0.001899 0.005755
v 0.033623 0.007039 0.003114
v 0.047473 0.001111 0.003114
v 0.047473 0.007039 0.003114
v 0.033623 0.001111 0.003114
v 0.033623 0.007039 0.005755
v 0.047473 0.007039 0.005755
v 0.022927 0.007600 0.003114
v 0.022927 0.007600 0.005755
v 0.023127 0.007596 0.003114
v 0.023127 0.007596 0.005755
v 0.016732 0.007597 0.003114
v 0.016732 0.007597 0.005755
v 0.016883 0.007600 0.003114
v 0.016883 0.007600 0.005755
v 0.016582 0.007590 0.003114
v 0.016582 0.007590 0.005755
v 0.023325 0.007583 0.003114
v 0.023325 0.007583 0.005755
v 0.023703 0.007536 0.003114
v 0.023703 0.007536 0.005755
v 0.023878 0.007500 0.003114
v 0.023878 0.007500 0.005755
v 0.023518 0.007563 0.003114
v 0.023518 0.007563 0.005755
v 0.016434 0.007577 0.003114
v 0.016434 0.007577 0.005755
v 0.016291 0.007560 0.003114
v 0.016291 0.007560 0.005755
v 0.016152 0.007537 0.003114
v 0.016152 0.007537 0.005755
v 0.016020 0.007511 0.003114
v 0.016020 0.007511 0.005755
v 0.024042 0.007458 0.003114
v 0.024042 0.007458 0.005755
v 0.015895 0.007480 0.003114
v 0.015895 0.007480 0.005755
v 0.024191 0.007410 0.003114
v 0.024191 0.007410 0.005755
v 0.015779 0.007445 0.003114
v 0.015779 0.007445 0.005755
v 0.015671 0.007406 0.003114
v 0.015671 0.007406 0.005755
v 0.024325 0.007356 0.003114
v 0.024325 0.007356 0.005755
v 0.015575 0.007364 0.003114
v 0.015575 0.007364 0.005755
v 0.024441 0.007297 0.003114
v 0.024441 0.007297 0.005755
v 0.015489 0.007318 0.003114
v 0.015489 0.007318 0.005755
v 0.024538 0.007233 0.003114
v 0.024538 0.007233 0.005755
v 0.015415 0.007271 0.003114
v 0.015415 0.007271 0.005755
v 0.015354 0.007220 0.003114
v 0.015354 0.007220 0.005755
v 0.024615 0.007166 0.003114
v 0.024615 0.007166 0.005755
v 0.015306 0.007168 0.003114
v 0.015306 0.007168 0.005755
v 0.024670 0.007096 0.003114
v 0.024670 0.007096 0.005755
v 0.015271 0.007115 0.003114
v 0.015271 0.007115 0.005755
v 0.015251 0.007061 0.003114
v 0.015251 0.007061 0.005755
v 0.024704 0.007025 0.003114
v 0.024704 0.007025 0.005755
v 0.015244 0.007006 0.003114
v 0.015244 0.007006 0.005755
v 0.024715 0.006952 0.003114
v 0.024715 0.006952 0.005755
v 0.015244 0.004817 0.003114
v 0.015244 0.004817 0.005755
v 0.024715 0.004763 0.003114
v 0.024715 0.004763 0.005755
v 0.015255 0.004745 0.003114
v 0.015255 0.004745 0.005755
v 0.024708 0.004708 0.003114
v 0.024708 0.004708 0.005755
v 0.024687 0.004654 0.003114
v 0.024687 0.004654 0.005755
v 0.015288 0.004673 0.003114
v 0.015288 0.004673 0.005755
v 0.015344 0.004603 0.003114
v 0.015344 0.004603 0.005755
v 0.024653 0.004601 0.003114
v 0.024653 0.004601 0.005755
v 0.024604 0.004549 0.003114
v 0.024604 0.004549 0.005755
v 0.015421 0.004536 0.003114
v 0.015421 0.004536 0.005755
v 0.024543 0.004499 0.003114
v 0.024543 0.004499 0.005755
v 0.015518 0.004472 0.003114
v 0.015518 0.004472 0.005755
v 0.024470 0.004451 0.003114
v 0.024470 0.004451 0.005755
v 0.024384 0.004405 0.003114
v 0.024384 0.004405 0.005755
v 0.015634 0.004413 0.003114
v 0.015634 0.004413 0.005755
v 0.024287 0.004363 0.003114
v 0.024287 0.004363 0.005755
v 0.024180 0.004324 0.003114
v 0.024180 0.004324 0.005755
v 0.024064 0.004289 0.003114
v 0.024064 0.004289 0.005755
v 0.023939 0.004258 0.003114
v 0.023939 0.004258 0.005755
v 0.023668 0.004210 0.003114
v 0.023668 0.004210 0.005755
v 0.023806 0.004232 0.003114
v 0.023806 0.004232 0.005755
v 0.023524 0.004192 0.003114
v 0.023524 0.004192 0.005755
v 0.023227 0.004172 0.003114
v 0.023227 0.004172 0.005755
v 0.023377 0.004180 0.003114
v 0.023377 0.004180 0.005755
v 0.023076 0.004169 0.003114
v 0.023076 0.004169 0.005755
v 0.016831 0.004173 0.003114
v 0.016831 0.004173 0.005755
v 0.017032 0.004169 0.003114
v 0.017032 0.004169 0.005755
v 0.016441 0.004206 0.003114
v 0.016441 0.004206 0.005755
v 0.016634 0.004186 0.003114
v 0.016634 0.004186 0.005755
v 0.016080 0.004269 0.003114
v 0.016080 0.004269 0.005755
v 0.016256 0.004234 0.003114
v 0.016256 0.004234 0.005755
v 0.015917 0.004311 0.003114
v 0.015917 0.004311 0.005755
v 0.015767 0.004359 0.003114
v 0.015767 0.004359 0.005755
v -0.002168 0.003082 0.040460
v 0.005018 0.003082 0.045473
v -0.001959 0.003082 0.041659
v -0.001701 0.003082 0.042237
v 0.004152 0.003082 0.045436
v 0.003298 0.003082 0.045327
v -0.002116 0.003082 0.041064
v -0.000361 0.003082 0.043784
v 0.000936 0.003082 0.044586
v -0.000896 0.003082 0.043308
v 0.002470 0.003082 0.045147
v 0.001678 0.003082 0.044899
v 0.000253 0.003082 0.044212
v -0.001345 0.003082 0.042789
v -0.002265 0.003082 0.023736
v -0.002168 0.003082 0.023736
v -0.002265 0.001139 0.023736
v 0.000271 0.001139 0.023736
v 0.000271 0.001139 0.009857
v 0.000271 0.001139 0.009805
v -0.001952 0.003082 0.009707
v -0.001977 0.003082 0.009805
v -0.002107 0.003082 0.009805
v -0.001684 0.003082 0.009108
v 0.001819 0.003082 0.006350
v -0.000295 0.003082 0.007505
v 0.002639 0.003082 0.006092
v 0.000341 0.003082 0.007061
v 0.001049 0.003082 0.006674
v -0.000850 0.003082 0.007999
v -0.001315 0.003082 0.008536
v 0.003139 0.003082 0.005983
v -0.002107 0.001139 0.009805
v 0.003139 0.001899 0.005983
v 0.003875 0.001899 0.005873
v 0.004894 0.001899 0.005822
v 0.012122 0.003082 0.045527
v 0.012122 0.003082 0.045473
v 0.026054 0.003082 0.045527
v 0.026054 0.003082 0.045473
v 0.033518 0.003082 0.045527
v 0.033518 0.003082 0.045473
v 0.047368 0.003082 0.045527
v 0.047368 0.003082 0.045471
v 0.047368 0.001139 0.045527
v 0.033518 0.001139 0.045527
v 0.026054 0.001139 0.045527
v 0.012122 0.001139 0.045527
v 0.002660 0.001139 0.042327
v 0.002484 0.001139 0.042310
v 0.002315 0.001139 0.042259
v 0.003160 0.001139 0.042175
v 0.003004 0.001139 0.042259
v 0.002160 0.001139 0.042175
v 0.002835 0.001139 0.042310
v 0.002484 0.001139 0.040544
v 0.003160 0.001139 0.040679
v 0.002315 0.001139 0.040596
v 0.003491 0.001139 0.041771
v 0.001828 0.001139 0.041771
v 0.001777 0.001139 0.041603
v 0.002023 0.001139 0.040791
v 0.001760 0.001139 0.041427
v 0.001777 0.001139 0.041251
v 0.003408 0.001139 0.041927
v 0.003296 0.001139 0.042063
v 0.003004 0.001139 0.040596
v 0.002835 0.001139 0.040544
v 0.002160 0.001139 0.040679
v 0.002660 0.001139 0.040527
v 0.003542 0.001139 0.041603
v 0.003560 0.001139 0.041427
v 0.003542 0.001139 0.041251
v 0.003491 0.001139 0.041083
v 0.003296 0.001139 0.040791
v 0.003408 0.001139 0.040927
v 0.002023 0.001139 0.042063
v 0.001911 0.001139 0.040927
v 0.001911 0.001139 0.041927
v 0.001828 0.001139 0.041083
v 0.029387 0.001139 0.014812
v 0.029711 0.001139 0.014946
v 0.029556 0.001139 0.014863
v 0.029211 0.001139 0.016595
v 0.029211 0.001139 0.014795
v 0.029036 0.001139 0.014812
v 0.028867 0.001139 0.016526
v 0.028867 0.001139 0.014863
v 0.029036 0.001139 0.016577
v 0.028711 0.001139 0.016443
v 0.028711 0.001139 0.014946
v 0.028575 0.001139 0.016331
v 0.028463 0.001139 0.016195
v 0.028380 0.001139 0.016039
v 0.028328 0.001139 0.015870
v 0.028311 0.001139 0.015695
v 0.028328 0.001139 0.015519
v 0.030094 0.001139 0.015519
v 0.030111 0.001139 0.015695
v 0.030094 0.001139 0.015870
v 0.029959 0.001139 0.015195
v 0.030043 0.001139 0.015350
v 0.030043 0.001139 0.016039
v 0.029848 0.001139 0.015058
v 0.029711 0.001139 0.016443
v 0.029959 0.001139 0.016195
v 0.029848 0.001139 0.016331
v 0.029556 0.001139 0.016526
v 0.029387 0.001139 0.016577
v 0.028463 0.001139 0.015195
v 0.028575 0.001139 0.015058
v 0.028380 0.001139 0.015350
v 0.033623 0.001139 0.005822
v 0.033623 0.001139 0.008043
v 0.047473 0.001139 0.005822
v 0.033623 0.001899 0.005822
v 0.047632 0.001899 0.005822
v 0.047473 0.001899 0.005822
v 0.048686 0.001899 0.005874
v 0.049718 0.001899 0.006030
v 0.051889 0.003082 0.006768
v 0.051889 0.001899 0.006768
v 0.051636 0.001899 0.006637
v 0.050708 0.001899 0.006286
v 0.050047 0.001899 0.006115
v 0.049715 0.001139 0.042783
v 0.049939 0.001139 0.042805
v 0.049126 0.001139 0.042469
v 0.050379 0.001139 0.042718
v 0.051001 0.001139 0.042096
v 0.049300 0.001139 0.042612
v 0.048877 0.001139 0.042096
v 0.049499 0.001139 0.042718
v 0.048983 0.001139 0.042294
v 0.050895 0.001139 0.042294
v 0.050752 0.001139 0.042469
v 0.050578 0.001139 0.042612
v 0.050163 0.001139 0.042783
v 0.048811 0.001139 0.041880
v 0.051067 0.001139 0.041880
v 0.051089 0.001139 0.041655
v 0.049939 0.001139 0.040505
v 0.051067 0.001139 0.041431
v 0.051001 0.001139 0.041215
v 0.050578 0.001139 0.040699
v 0.050895 0.001139 0.041017
v 0.050752 0.001139 0.040842
v 0.049300 0.001139 0.040699
v 0.049715 0.001139 0.040528
v 0.050379 0.001139 0.040593
v 0.050163 0.001139 0.040528
v 0.049499 0.001139 0.040593
v 0.048877 0.001139 0.041215
v 0.049126 0.001139 0.040842
v 0.048983 0.001139 0.041017
v 0.048811 0.001139 0.041431
v 0.048789 0.001139 0.041655
v 0.049097 0.003082 0.045322
v 0.048212 0.003082 0.045435
v 0.047368 0.001139 0.043442
v 0.033518 0.001139 0.043442
v 0.026054 0.001139 0.043261
v 0.012122 0.001139 0.043261
v 0.053444 0.003082 0.043229
v 0.053909 0.003082 0.042692
v 0.054278 0.003082 0.042119
v 0.054546 0.003082 0.041520
v 0.054708 0.003082 0.040903
v 0.047473 0.001139 0.008043
v 0.049955 0.003082 0.045135
v 0.052253 0.003082 0.044166
v 0.050775 0.003082 0.044878
v 0.051545 0.003082 0.044553
v 0.052889 0.003082 0.043723
v 0.054762 0.003082 0.040277
v 0.054762 0.003082 0.010958
v 0.054762 0.003082 0.010768
v 0.054710 0.003082 0.010164
v 0.054553 0.003082 0.009568
v 0.054295 0.003082 0.008990
v 0.053939 0.003082 0.008438
v 0.052955 0.003082 0.007443
v 0.053490 0.003082 0.007920
v 0.052341 0.003082 0.007015
vn -0.0000 -1.0000 -0.0000
vn -0.0000 -0.0000 -1.0000
vn -0.0000 -0.0000 1.0000
vn -1.0000 -0.0000 -0.0000
vn 0.2502 -0.0000 0.9682
vn 0.3539 -0.0000 0.9353
vn 0.4604 -0.0000 0.8877
vn 0.5695 -0.0000 0.8220
vn 0.6793 -0.0000 0.7339
vn 0.7854 -0.0000 0.6190
vn 0.8805 -0.0000 0.4740
vn 0.9541 -0.0000 0.2995
vn -0.0495 -0.0000 -0.9988
vn -0.1490 -0.0000 -0.9888
vn -0.2502 -0.0000 -0.9682
vn -0.3539 -0.0000 -0.9353
vn -0.4604 -0.0000 -0.8877
vn -0.5695 -0.0000 -0.8220
vn -0.6793 -0.0000 -0.7339
vn -0.7854 -0.0000 -0.6190
vn -0.8805 -0.0000 -0.4740
vn -0.9541 -0.0000 -0.2995
vn -0.9947 -0.0000 -0.1027
vn -0.0000 1.0000 -0.0000
vn 0.0495 -0.0000 -0.9988
vn 0.1490 -0.0000 -0.9888
vn 0.2502 -0.0000 -0.9682
vn 0.3539 -0.0000 -0.9353
vn 0.4604 -0.0000 -0.8877
vn 0.5695 -0.0000 -0.8220
vn 0.6793 -0.0000 -0.7339
vn 0.7854 -0.0000 -0.6190
vn 0.8805 -0.0000 -0.4740
vn 0.9541 -0.0000 -0.2995
vn 0.9947 -0.0000 -0.1027
vn -0.0495 -0.0000 0.9988
vn -0.1490 -0.0000 0.9888
vn -0.2502 -0.0000 0.9682
vn -0.3539 -0.0000 0.9353
vn -0.4604 -0.0000 0.8877
vn -0.5695 -0.0000 0.8220
vn -0.6793 -0.0000 0.7339
vn -0.7854 -0.0000 0.6190
vn -0.8805 -0.0000 0.4740
vn -0.9541 -0.0000 0.2995
vn -0.9947 -0.0000 0.1027
vn 1.0000 -0.0000 -0.0000
vn -0.0422 -0.0000 0.9991
vn -0.1268 -0.0000 0.9919
vn -0.2124 -0.0000 0.9772
vn -0.2996 -0.0000 0.9541
vn -0.3886 -0.0000 0.9214
vn -0.4796 -0.0000 0.8775
vn -0.0439 -0.0000 0.9990
vn -0.1318 -0.0000 0.9913
vn -0.2206 -0.0000 0.9754
vn -0.3105 -0.0000 0.9506
vn -0.4018 -0.0000 0.9157
vn -0.4943 -0.0000 0.8693
vn -0.5874 -0.0000 0.8093
vn -0.6796 -0.0000 0.7336
vn -0.7684 -0.0000 0.6400
vn -0.8499 -0.0000 0.5270
vn -0.9189 -0.0000 0.3945
vn -0.9696 -0.0000 0.2448
vn -0.9965 -0.0000 0.0830
vn 0.0439 -0.0000 -0.9990
vn 0.1318 -0.0000 -0.9913
vn 0.2206 -0.0000 -0.9754
vn 0.3105 -0.0000 -0.9506
vn 0.4018 -0.0000 -0.9157
vn 0.4943 -0.0000 -0.8693
vn 0.5874 -0.0000 -0.8093
vn 0.6796 -0.0000 -0.7336
vn 0.7684 -0.0000 -0.6400
vn 0.8499 -0.0000 -0.5270
vn 0.9189 -0.0000 -0.3945
vn 0.9696 -0.0000 -0.2448
vn 0.9965 -0.0000 -0.0830
vn -0.0439 -0.0000 -0.9990
vn -0.1318 -0.0000 -0.9913
vn -0.2206 -0.0000 -0.9754
vn -0.3105 -0.0000 -0.9506
vn -0.4018 -0.0000 -0.9157
vn -0.4943 -0.0000 -0.8693
vn -0.5874 -0.0000 -0.8093
vn -0.6796 -0.0000 -0.7336
vn -0.7684 -0.0000 -0.6400
vn -0.8499 -0.0000 -0.5270
vn -0.9189 -0.0000 -0.3945
vn -0.9696 -0.0000 -0.2448
vn -0.9965 -0.0000 -0.0831
vn 0.0439 -0.0000 0.9990
vn 0.1318 -0.0000 0.9913
vn 0.2206 -0.0000 0.9754
vn 0.3105 -0.0000 0.9506
vn 0.4018 -0.0000 0.9157
vn 0.4943 -0.0000 0.8693
vn 0.5874 -0.0000 0.8093
vn 0.6796 -0.0000 0.7336
vn 0.7684 -0.0000 0.6400
vn 0.8499 -0.0000 0.5270
vn 0.9189 -0.0000 0.3945
vn 0.9696 -0.0000 0.2448
vn 0.9965 -0.0000 0.0831
vn 0.8403 -0.0000 0.5421
vn 0.5722 -0.0000 0.8201
vn 0.1268 -0.0000 0.9919
vn -0.2124 -0.0000 -0.9772
vn 0.2996 -0.0000 0.9541
vn -0.3886 -0.0000 -0.9214
vn -0.7558 -0.0000 -0.6549
vn -0.1268 -0.0000 -0.9919
vn 0.9131 -0.0000 0.4078
vn -0.4796 -0.0000 -0.8775
vn -0.9672 -0.0000 -0.2540
vn 0.9963 -0.0000 0.0864
vn -0.9131 -0.0000 -0.4078
vn 0.4796 -0.0000 0.8775
vn -0.0422 -0.0000 -0.9991
vn 0.3886 -0.0000 0.9214
vn -0.8403 -0.0000 -0.5421
vn -0.5722 -0.0000 -0.8201
vn 0.0422 -0.0000 0.9991
vn 0.2124 -0.0000 0.9772
vn 0.6650 -0.0000 0.7468
vn 0.7558 -0.0000 0.6549
vn 0.9672 -0.0000 0.2541
vn -0.2996 -0.0000 -0.9541
vn -0.6650 -0.0000 -0.7468
vn -0.9963 -0.0000 -0.0864
vn 0.2880 -0.9576 -0.0000
vn 0.1579 -0.9875 -0.0000
vn 0.0614 0.9981 -0.0000
vn -0.1484 -0.9889 -0.0000
vn 0.1484 0.9889 -0.0000
vn 0.6582 0.7528 -0.0000
vn -0.1963 -0.9806 -0.0000
vn 0.7339 -0.6792 -0.0000
vn -0.5481 -0.8364 -0.0000
vn -0.3998 0.9166 -0.0000
vn -0.1038 -0.9946 -0.0000
vn 0.2489 0.9685 -0.0000
vn 0.9882 0.1532 -0.0000
vn 0.9053 0.4247 -0.0000
vn 0.7826 0.6225 -0.0000
vn 0.0505 -0.9987 -0.0000
vn 0.9332 -0.3594 -0.0000
vn -0.0849 0.9964 -0.0000
vn 0.6342 -0.7732 -0.0000
vn -0.2880 0.9576 -0.0000
vn -0.7826 -0.6225 -0.0000
vn -0.7339 0.6792 -0.0000
vn 0.3405 -0.9402 -0.0000
vn 0.9919 -0.1267 -0.0000
vn -0.9053 -0.4247 -0.0000
vn -0.1977 0.9803 -0.0000
vn 0.4674 -0.8841 -0.0000
vn 0.4546 0.8907 -0.0000
vn -0.9332 0.3594 -0.0000
vn -0.1579 0.9875 -0.0000
vn 0.1205 -0.9927 -0.0000
vn -0.3079 -0.9514 -0.0000
vn 0.5451 -0.8384 -0.0000
vn -0.3405 0.9402 -0.0000
vn 0.1038 0.9946 -0.0000
vn -0.6582 -0.7528 -0.0000
vn 0.3079 0.9514 -0.0000
vn 0.0203 0.9998 -0.0000
vn 0.3756 0.9268 -0.0000
vn -0.4674 0.8841 -0.0000
vn -0.1205 0.9927 -0.0000
vn 0.0849 -0.9964 -0.0000
vn -0.3756 -0.9268 -0.0000
vn 0.1963 0.9805 -0.0000
vn 0.5481 0.8364 -0.0000
vn -0.5451 0.8384 -0.0000
vn -0.2489 -0.9685 -0.0000
vn -0.9920 0.1266 -0.0000
vn -0.0167 0.9999 -0.0000
vn -0.0203 -0.9998 -0.0000
vn 0.0167 -0.9999 -0.0000
vn 0.1977 -0.9803 -0.0000
vn -0.9882 -0.1532 -0.0000
vn -0.6342 0.7732 -0.0000
vn 0.2408 -0.9706 -0.0000
vn -0.8386 0.5447 -0.0000
vn -0.4546 -0.8907 -0.0000
vn -0.0614 -0.9981 -0.0000
vn 0.3998 -0.9166 -0.0000
vn 0.8387 -0.5446 -0.0000
vn -0.0505 0.9987 -0.0000
vn -0.2408 0.9706 -0.0000
vn -0.6650 -0.0000 0.7468
vn 0.2996 -0.0000 -0.9541
vn -0.9131 -0.0000 0.4078
vn 0.0422 -0.0000 -0.9991
vn -0.7558 -0.0000 0.6548
vn 0.6650 -0.0000 -0.7468
vn 0.8403 -0.0000 -0.5421
vn -0.9963 -0.0000 0.0864
vn -0.8403 -0.0000 0.5421
vn -0.9672 -0.0000 0.2541
vn 0.0495 -0.0000 0.9988
vn 0.1268 -0.0000 -0.9919
vn 0.9963 -0.0000 -0.0864
vn 0.2124 -0.0000 -0.9772
vn 0.5722 -0.0000 -0.8201
vn 0.9131 -0.0000 -0.4078
vn -0.5722 -0.0000 0.8201
vn 0.3886 -0.0000 -0.9214
vn 0.9672 -0.0000 -0.2541
vn 0.7558 -0.0000 -0.6549
vn 0.1490 -0.0000 0.9888
vn 0.4796 -0.0000 -0.8775
vn -0.6344 -0.0000 -0.7730
vn -0.7730 -0.0000 -0.6344
vn -0.8819 -0.0000 -0.4714
vn -0.9569 -0.0000 -0.2903
vn -0.9952 -0.0000 -0.0980
vn -0.9952 -0.0000 0.0980
vn -0.9569 -0.0000 0.2903
vn -0.8819 -0.0000 0.4714
vn -0.7730 -0.0000 0.6344
vn -0.6344 -0.0000 0.7730
vn -0.4714 -0.0000 0.8819
vn -0.2903 -0.0000 0.9569
vn -0.0980 -0.0000 0.9952
vn 0.0980 -0.0000 0.9952
vn 0.2903 -0.0000 0.9569
vn 0.4714 -0.0000 0.8819
vn 0.9952 -0.0000 -0.0980
vn 0.9952 -0.0000 0.0980
vn 0.2903 -0.0000 -0.9569
vn 0.9569 -0.0000 -0.2903
vn 0.6344 -0.0000 0.7730
vn 0.6344 -0.0000 -0.7730
vn 0.8819 -0.0000 -0.4714
vn -0.0980 -0.0000 -0.9952
vn 0.7730 -0.0000 -0.6344
vn 0.4714 -0.0000 -0.8819
vn -0.2903 -0.0000 -0.9569
vn 0.0980 -0.0000 -0.9952
vn -0.4714 -0.0000 -0.8819
vn 0.7730 -0.0000 0.6344
vn 0.9569 -0.0000 0.2903
vn 0.8819 -0.0000 0.4714
vt 0.375000 0.781232
vt 0.375000 0.783462
vt 0.375352 0.783463
vt 0.375576 0.779779
vt 0.376288 0.775919
vt 0.377463 0.772173
vt 0.379085 0.768595
vt 0.381129 0.765237
vt 0.383565 0.762148
vt 0.386359 0.759374
vt 0.389469 0.756954
vt 0.392850 0.754924
vt 0.396453 0.753313
vt 0.400225 0.752146
vt 0.404111 0.751439
vt 0.408055 0.751202
vt 0.592664 0.751202
vt 0.592690 0.750000
vt 0.406232 0.750000
vt 0.401788 0.750318
vt 0.397433 0.751265
vt 0.393258 0.752822
vt 0.389347 0.754958
vt 0.385780 0.757629
vt 0.382629 0.760780
vt 0.379958 0.764347
vt 0.377822 0.768258
vt 0.376265 0.772433
vt 0.375318 0.776788
vt 0.157310 0.500000
vt 0.157310 0.750000
vt 0.187771 0.750000
vt 0.187771 0.500000
vt 0.657310 0.500000
vt 0.657310 0.597766
vt 0.658003 0.597766
vt 0.658003 0.500000
vt 0.406232 0.500000
vt 0.592690 0.500000
vt 0.852567 0.750000
vt 0.856742 0.750000
vt 0.856742 0.500000
vt 0.852567 0.500000
vt 0.860653 0.750000
vt 0.860653 0.500000
vt 0.875000 0.750000
vt 0.875000 0.500000
vt 0.625000 0.000000
vt 0.614220 0.000000
vt 0.614220 0.250000
vt 0.625000 0.250000
vt 0.610653 0.000000
vt 0.610653 0.250000
vt 0.606742 0.000000
vt 0.606742 0.250000
vt 0.602567 0.000000
vt 0.602567 0.250000
vt 0.599924 0.000000
vt 0.599924 0.250000
vt 0.343768 0.750000
vt 0.348212 0.750000
vt 0.348212 0.500000
vt 0.343768 0.500000
vt 0.352567 0.750000
vt 0.352567 0.500000
vt 0.356742 0.750000
vt 0.356742 0.500000
vt 0.360653 0.750000
vt 0.360653 0.500000
vt 0.364220 0.750000
vt 0.364220 0.500000
vt 0.385780 0.750000
vt 0.385780 0.500000
vt 0.389347 0.750000
vt 0.389347 0.500000
vt 0.393258 0.750000
vt 0.393258 0.500000
vt 0.397433 0.750000
vt 0.397433 0.500000
vt 0.401788 0.750000
vt 0.401788 0.500000
vt 0.375000 0.282310
vt 0.375000 0.312771
vt 0.389267 0.312771
vt 0.389267 0.373552
vt 0.375000 0.373552
vt 0.375000 0.406114
vt 0.388125 0.406114
vt 0.388125 0.466538
vt 0.375000 0.466538
vt 0.375000 0.468768
vt 0.375318 0.473212
vt 0.376265 0.477567
vt 0.377822 0.481742
vt 0.379958 0.485653
vt 0.382629 0.489220
vt 0.385780 0.492371
vt 0.389347 0.495042
vt 0.393258 0.497178
vt 0.397433 0.498735
vt 0.399374 0.482773
vt 0.397962 0.482677
vt 0.396603 0.482392
vt 0.395351 0.481928
vt 0.394254 0.481304
vt 0.393354 0.480544
vt 0.392685 0.479676
vt 0.392272 0.478735
vt 0.392133 0.477756
vt 0.392273 0.476778
vt 0.392685 0.475836
vt 0.393354 0.474969
vt 0.394254 0.474209
vt 0.395351 0.473585
vt 0.396603 0.473121
vt 0.397962 0.472836
vt 0.399374 0.472739
vt 0.399707 0.275337
vt 0.398644 0.275114
vt 0.397664 0.274751
vt 0.396806 0.274263
vt 0.396101 0.273668
vt 0.395577 0.272989
vt 0.395255 0.272252
vt 0.395146 0.271486
vt 0.395255 0.270720
vt 0.395577 0.269983
vt 0.396101 0.269304
vt 0.396806 0.268710
vt 0.397664 0.268221
vt 0.398644 0.267859
vt 0.399707 0.267635
vt 0.400813 0.267560
vt 0.398207 0.251309
vt 0.393888 0.252920
vt 0.389842 0.255129
vt 0.386151 0.257892
vt 0.382892 0.261151
vt 0.380129 0.264842
vt 0.377920 0.268888
vt 0.376309 0.273207
vt 0.375329 0.277712
vt 0.152712 0.500000
vt 0.152712 0.750000
vt 0.148207 0.500000
vt 0.148207 0.750000
vt 0.143888 0.500000
vt 0.143888 0.750000
vt 0.139842 0.500000
vt 0.139842 0.750000
vt 0.136151 0.500000
vt 0.136151 0.750000
vt 0.125000 0.500000
vt 0.125000 0.750000
vt 0.375000 0.250000
vt 0.389842 0.250000
vt 0.389842 0.000000
vt 0.375000 0.000000
vt 0.393888 0.250000
vt 0.393888 0.000000
vt 0.398207 0.250000
vt 0.398207 0.000000
vt 0.402712 0.250000
vt 0.402712 0.000000
vt 0.407310 0.250000
vt 0.407310 0.000000
vt 0.652712 0.500000
vt 0.652712 0.597766
vt 0.648207 0.500000
vt 0.648207 0.597766
vt 0.643888 0.500000
vt 0.643888 0.597766
vt 0.646774 0.597766
vt 0.639842 0.500000
vt 0.639842 0.597766
vt 0.636151 0.500000
vt 0.636151 0.750000
vt 0.638736 0.750000
vt 0.638736 0.597766
vt 0.613849 0.500000
vt 0.613849 0.750000
vt 0.610158 0.500000
vt 0.610158 0.750000
vt 0.606112 0.500000
vt 0.606112 0.750000
vt 0.601793 0.500000
vt 0.601793 0.750000
vt 0.597288 0.500000
vt 0.597288 0.750000
vt 0.512203 0.250000
vt 0.512203 0.000000
vt 0.375000 0.750000
vt 0.375000 1.000000
vt 0.593605 1.000000
vt 0.593605 0.750000
vt 0.587656 1.000000
vt 0.587656 0.750000
vt 0.377051 0.770366
vt 0.375917 0.774004
vt 0.375230 0.777752
vt 0.375000 0.781555
vt 0.375000 0.782010
vt 0.375425 0.782010
vt 0.375425 0.781312
vt 0.375754 0.776683
vt 0.376733 0.772150
vt 0.377268 0.770707
vt 0.343445 0.750000
vt 0.347248 0.750000
vt 0.347248 0.500770
vt 0.343445 0.500770
vt 0.350996 0.750000
vt 0.350996 0.500770
vt 0.354634 0.750000
vt 0.354634 0.500770
vt 0.358109 0.750000
vt 0.358109 0.500770
vt 0.361370 0.750000
vt 0.361370 0.500770
vt 0.362384 0.750000
vt 0.362384 0.723115
vt 0.364370 0.723115
vt 0.364370 0.500770
vt 0.407706 0.117212
vt 0.407706 0.249230
vt 0.593445 0.249230
vt 0.593445 0.026885
vt 0.488183 0.026885
vt 0.488183 0.117212
vt 0.402752 0.750230
vt 0.406555 0.750000
vt 0.592294 0.750000
vt 0.596236 0.750239
vt 0.590649 0.775183
vt 0.590367 0.775121
vt 0.589120 0.775032
vt 0.587874 0.775122
vt 0.586675 0.775385
vt 0.585571 0.775814
vt 0.584602 0.776390
vt 0.583808 0.777093
vt 0.583218 0.777895
vt 0.582854 0.778765
vt 0.582731 0.779669
vt 0.582854 0.780574
vt 0.583217 0.781444
vt 0.583808 0.782246
vt 0.584603 0.782948
vt 0.585571 0.783525
vt 0.586675 0.783953
vt 0.587874 0.784217
vt 0.587851 0.966683
vt 0.586876 0.966753
vt 0.585938 0.966959
vt 0.585073 0.967295
vt 0.584315 0.967746
vt 0.583694 0.968296
vt 0.583232 0.968923
vt 0.582947 0.969604
vt 0.582851 0.970312
vt 0.582947 0.971021
vt 0.583232 0.971701
vt 0.583694 0.972329
vt 0.584315 0.972878
vt 0.585073 0.973330
vt 0.585938 0.973665
vt 0.586876 0.973872
vt 0.587851 0.973942
vt 0.588827 0.973872
vt 0.589765 0.973665
vt 0.590629 0.973329
vt 0.591387 0.972878
vt 0.591941 0.972388
vt 0.611370 0.994414
vt 0.608109 0.996386
vt 0.604634 0.997949
vt 0.600996 0.999083
vt 0.597248 0.999770
vt 0.593445 1.000000
vt 0.407706 1.000000
vt 0.403764 0.999762
vt 0.399879 0.999050
vt 0.396109 0.997875
vt 0.392507 0.996254
vt 0.389127 0.994210
vt 0.386018 0.991775
vt 0.383225 0.988982
vt 0.380789 0.985873
vt 0.378746 0.982493
vt 0.377126 0.978892
vt 0.375950 0.975121
vt 0.375238 0.971236
vt 0.441358 0.865816
vt 0.442115 0.866267
vt 0.442980 0.866602
vt 0.443918 0.866809
vt 0.444893 0.866879
vt 0.445869 0.866809
vt 0.446807 0.866602
vt 0.447671 0.866267
vt 0.448429 0.865816
vt 0.449051 0.865266
vt 0.449513 0.864638
vt 0.449797 0.863958
vt 0.449893 0.863249
vt 0.449797 0.862542
vt 0.449513 0.861861
vt 0.449051 0.861233
vt 0.448429 0.860683
vt 0.447671 0.860232
vt 0.446807 0.859897
vt 0.445869 0.859690
vt 0.444893 0.859620
vt 0.443918 0.859690
vt 0.442980 0.859897
vt 0.442115 0.860232
vt 0.382936 0.760630
vt 0.385630 0.757936
vt 0.388630 0.755586
vt 0.391891 0.753614
vt 0.395366 0.752051
vt 0.399004 0.750917
vt 0.440736 0.865266
vt 0.375000 0.967294
vt 0.378614 0.766891
vt 0.380586 0.763630
vt 0.441358 0.860683
vt 0.440736 0.861233
vt 0.440274 0.861861
vt 0.439989 0.862541
vt 0.439893 0.863250
vt 0.439989 0.863957
vt 0.440274 0.864638
vt 0.588827 0.966753
vt 0.589120 0.784306
vt 0.590367 0.784218
vt 0.622949 0.979634
vt 0.621386 0.983109
vt 0.619414 0.986370
vt 0.617064 0.989370
vt 0.614370 0.992064
vt 0.592008 0.972328
vt 0.592471 0.971701
vt 0.592755 0.971020
vt 0.592851 0.970312
vt 0.592755 0.969605
vt 0.592471 0.968924
vt 0.592008 0.968296
vt 0.591387 0.967746
vt 0.590629 0.967295
vt 0.589764 0.966960
vt 0.624050 0.774879
vt 0.624762 0.778764
vt 0.625000 0.782706
vt 0.625000 0.968445
vt 0.624770 0.972248
vt 0.624083 0.975996
vt 0.591565 0.783953
vt 0.592670 0.783525
vt 0.593638 0.782948
vt 0.594432 0.782245
vt 0.595023 0.781444
vt 0.595386 0.780574
vt 0.595509 0.779669
vt 0.595386 0.778765
vt 0.595023 0.777895
vt 0.594432 0.777093
vt 0.593638 0.776390
vt 0.592669 0.775814
vt 0.591565 0.775385
vt 0.600121 0.750950
vt 0.603892 0.752126
vt 0.607493 0.753747
vt 0.610873 0.755790
vt 0.613982 0.758225
vt 0.616775 0.761018
vt 0.619210 0.764127
vt 0.621254 0.767507
vt 0.622875 0.771109
vt 0.335386 0.709896
vt 0.157706 0.750000
vt 0.157706 0.500000
vt 0.205430 0.604632
vt 0.205430 0.643719
vt 0.205475 0.645014
vt 0.205610 0.646292
vt 0.205834 0.647539
vt 0.206144 0.648737
vt 0.206535 0.649872
vt 0.207003 0.650929
vt 0.207541 0.651896
vt 0.208144 0.652760
vt 0.208804 0.653511
vt 0.209512 0.654138
vt 0.210259 0.654635
vt 0.211036 0.654994
vt 0.211833 0.655211
vt 0.212640 0.655284
vt 0.237010 0.655284
vt 0.237620 0.655238
vt 0.238225 0.655103
vt 0.238820 0.654879
vt 0.239399 0.654567
vt 0.239957 0.654172
vt 0.240491 0.653695
vt 0.240995 0.653142
vt 0.241464 0.652516
vt 0.241896 0.651823
vt 0.242286 0.651070
vt 0.242631 0.650262
vt 0.242929 0.649406
vt 0.243175 0.648510
vt 0.243369 0.647581
vt 0.243509 0.646628
vt 0.243594 0.645658
vt 0.243622 0.644679
vt 0.279540 0.604042
vt 0.279540 0.709896
vt 0.343445 0.500000
vt 0.335386 0.604042
vt 0.807155 0.603729
vt 0.750979 0.603729
vt 0.657706 0.500000
vt 0.843445 0.500000
vt 0.843445 0.750000
vt 0.807155 0.694303
vt 0.406555 0.500000
vt 0.592294 0.500000
vt 0.847248 0.500000
vt 0.847248 0.750000
vt 0.850996 0.500000
vt 0.850996 0.750000
vt 0.854634 0.500000
vt 0.854634 0.750000
vt 0.858109 0.500000
vt 0.858109 0.750000
vt 0.861370 0.500000
vt 0.861370 0.750000
vt 0.614370 0.250000
vt 0.614370 0.000000
vt 0.611370 0.250000
vt 0.611370 0.000000
vt 0.608109 0.250000
vt 0.608109 0.000000
vt 0.604634 0.250000
vt 0.604634 0.000000
vt 0.600996 0.250000
vt 0.600996 0.000000
vt 0.597248 0.250000
vt 0.597248 0.000000
vt 0.593445 0.250000
vt 0.593445 0.000000
vt 0.347248 0.500000
vt 0.350996 0.500000
vt 0.354634 0.500000
vt 0.358109 0.500000
vt 0.361370 0.500000
vt 0.364370 0.500000
vt 0.364370 0.750000
vt 0.385630 0.500000
vt 0.385630 0.750000
vt 0.388630 0.500000
vt 0.388630 0.750000
vt 0.391891 0.500000
vt 0.391891 0.750000
vt 0.395366 0.500000
vt 0.395366 0.750000
vt 0.399004 0.500000
vt 0.399004 0.750000
vt 0.402752 0.500000
vt 0.402752 0.750000
vt 0.414166 0.489567
vt 0.417523 0.489779
vt 0.402752 0.499770
vt 0.399004 0.499083
vt 0.395366 0.497949
vt 0.391891 0.496386
vt 0.388630 0.494414
vt 0.385630 0.492064
vt 0.382936 0.489370
vt 0.380586 0.486370
vt 0.378614 0.483109
vt 0.377051 0.479634
vt 0.375917 0.475996
vt 0.375230 0.472248
vt 0.375000 0.468445
vt 0.375000 0.282706
vt 0.375238 0.278764
vt 0.375950 0.274879
vt 0.377126 0.271109
vt 0.378746 0.267507
vt 0.380789 0.264127
vt 0.383225 0.261018
vt 0.386018 0.258225
vt 0.389127 0.255790
vt 0.392507 0.253746
vt 0.396109 0.252126
vt 0.399879 0.250950
vt 0.403764 0.250238
vt 0.407706 0.250000
vt 0.582477 0.260221
vt 0.418539 0.260221
vt 0.415059 0.260440
vt 0.411630 0.261094
vt 0.408302 0.262173
vt 0.405123 0.263661
vt 0.402140 0.265537
vt 0.399396 0.267774
vt 0.396931 0.270338
vt 0.394781 0.273193
vt 0.392978 0.276297
vt 0.391547 0.279604
vt 0.390510 0.283066
vt 0.389882 0.286633
vt 0.389671 0.290253
vt 0.389671 0.460804
vt 0.389874 0.464296
vt 0.390481 0.467738
vt 0.391481 0.471078
vt 0.392861 0.474269
vt 0.394601 0.477263
vt 0.396676 0.480018
vt 0.399054 0.482492
vt 0.401701 0.484650
vt 0.404580 0.486460
vt 0.407647 0.487896
vt 0.410858 0.488937
vt 0.153764 0.750000
vt 0.153764 0.500000
vt 0.149879 0.750000
vt 0.149879 0.500000
vt 0.146109 0.750000
vt 0.146109 0.500000
vt 0.142507 0.750000
vt 0.142507 0.500000
vt 0.139127 0.750000
vt 0.139127 0.500000
vt 0.136018 0.750000
vt 0.136018 0.500000
vt 0.389127 0.000000
vt 0.389127 0.250000
vt 0.392507 0.000000
vt 0.392507 0.250000
vt 0.396109 0.000000
vt 0.396109 0.250000
vt 0.399879 0.000000
vt 0.399879 0.250000
vt 0.403764 0.000000
vt 0.403764 0.250000
vt 0.407706 0.000000
vt 0.657706 0.750000
vt 0.653764 0.750000
vt 0.653764 0.500000
vt 0.649879 0.750000
vt 0.649879 0.500000
vt 0.646109 0.750000
vt 0.646109 0.500000
vt 0.642507 0.750000
vt 0.642507 0.500000
vt 0.639127 0.750000
vt 0.639127 0.500000
vt 0.636018 0.750000
vt 0.636018 0.500000
vt 0.613982 0.750000
vt 0.613982 0.500000
vt 0.610873 0.750000
vt 0.610873 0.500000
vt 0.607493 0.750000
vt 0.607493 0.500000
vt 0.603891 0.750000
vt 0.603891 0.500000
vt 0.600121 0.750000
vt 0.600121 0.500000
vt 0.596236 0.750000
vt 0.596236 0.500000
vt 0.412172 0.039791
vt 0.412172 0.146271
vt 0.489570 0.146271
vt 0.489570 0.039791
vt 0.396109 0.249230
vt 0.396109 0.026885
vt 0.392507 0.026885
vt 0.392507 0.249230
vt 0.125000 0.500770
vt 0.125000 0.723115
vt 0.136018 0.723115
vt 0.136018 0.500770
vt 0.149879 0.500770
vt 0.153764 0.500770
vt 0.646109 0.500770
vt 0.646109 0.723115
vt 0.649879 0.723115
vt 0.649879 0.500770
vt 0.406555 0.500770
vt 0.406555 0.723115
vt 0.407750 0.723115
vt 0.592294 0.723115
vt 0.592294 0.500770
vt 0.585834 0.260433
vt 0.597248 0.250230
vt 0.600996 0.250917
vt 0.604634 0.252051
vt 0.608109 0.253614
vt 0.611370 0.255586
vt 0.614370 0.257936
vt 0.617064 0.260630
vt 0.619414 0.263630
vt 0.621386 0.266891
vt 0.622949 0.270366
vt 0.624083 0.274004
vt 0.624770 0.277752
vt 0.625000 0.281555
vt 0.625000 0.467294
vt 0.624761 0.471236
vt 0.624050 0.475121
vt 0.622875 0.478891
vt 0.621254 0.482493
vt 0.619210 0.485873
vt 0.616775 0.488982
vt 0.613982 0.491775
vt 0.610873 0.494210
vt 0.607493 0.496254
vt 0.603892 0.497875
vt 0.600121 0.499050
vt 0.596236 0.499762
vt 0.581461 0.489779
vt 0.584941 0.489560
vt 0.588370 0.488906
vt 0.591698 0.487827
vt 0.594876 0.486339
vt 0.597860 0.484462
vt 0.600604 0.482226
vt 0.603069 0.479662
vt 0.605219 0.476807
vt 0.607022 0.473703
vt 0.608453 0.470396
vt 0.609490 0.466934
vt 0.610118 0.463367
vt 0.610329 0.459747
vt 0.610329 0.289196
vt 0.610126 0.285704
vt 0.609520 0.282262
vt 0.608519 0.278922
vt 0.607139 0.275731
vt 0.605399 0.272737
vt 0.603324 0.269982
vt 0.600946 0.267508
vt 0.598299 0.265350
vt 0.595421 0.263540
vt 0.592354 0.262104
vt 0.589143 0.261063
vt 0.142507 0.500770
vt 0.142507 0.723115
vt 0.146109 0.723115
vt 0.146109 0.500770
vt 0.639127 0.500770
vt 0.639127 0.723115
vt 0.642507 0.723115
vt 0.642507 0.500770
vt 0.607493 0.500770
vt 0.607493 0.723115
vt 0.610873 0.723115
vt 0.610873 0.500770
vt 0.653764 0.723115
vt 0.653764 0.500770
vt 0.399879 0.249230
vt 0.399879 0.026885
vt 0.636018 0.500770
vt 0.636018 0.723115
vt 0.596236 0.500770
vt 0.596236 0.723115
vt 0.600121 0.723115
vt 0.600121 0.500770
vt 0.403764 0.249230
vt 0.403764 0.117212
vt 0.603891 0.723115
vt 0.603891 0.500770
vt 0.139127 0.723115
vt 0.139127 0.500770
vt 0.157706 0.500770
vt 0.201461 0.683685
vt 0.201461 0.633938
vt 0.201491 0.632693
vt 0.201583 0.631458
vt 0.201735 0.630245
vt 0.201947 0.629063
vt 0.202215 0.627922
vt 0.202539 0.626833
vt 0.202915 0.625805
vt 0.203340 0.624846
vt 0.203810 0.623964
vt 0.204322 0.623168
vt 0.204870 0.622464
vt 0.205451 0.621857
vt 0.206060 0.621353
vt 0.206690 0.620957
vt 0.207338 0.620672
vt 0.207996 0.620500
vt 0.208661 0.620442
vt 0.235201 0.620442
vt 0.236081 0.620535
vt 0.236949 0.620811
vt 0.237795 0.621268
vt 0.238608 0.621900
vt 0.239379 0.622698
vt 0.240097 0.623653
vt 0.240754 0.624753
vt 0.241341 0.625984
vt 0.241850 0.627330
vt 0.242276 0.628774
vt 0.242613 0.630299
vt 0.242857 0.631885
vt 0.243004 0.633512
vt 0.243054 0.635160
vt 0.282171 0.633186
vt 0.342990 0.633186
vt 0.342990 0.750000
vt 0.657472 0.633186
vt 0.657706 0.633186
vt 0.657706 0.500770
vt 0.657472 0.723115
vt 0.613982 0.500770
vt 0.613982 0.723115
vt 0.148307 0.723115
vt 0.148307 0.750000
vt 0.718291 0.633186
vt 0.718291 0.723115
vt 0.751067 0.723115
vt 0.751067 0.632788
vt 0.812245 0.632788
vt 0.812245 0.723115
vt 0.843445 0.723115
vt 0.843445 0.500770
vt 0.389127 0.249230
vt 0.389127 0.026885
vt 0.375000 0.026885
vt 0.375000 0.249230
vt 0.400492 0.117212
vt 0.400492 0.026885
vt 0.471940 0.500000
vt 0.587656 0.500000
vt 0.587656 0.250000
vt 0.471940 0.250000
vt 0.720884 0.604041
vt 0.665038 0.604042
vt 0.750979 0.710209
vt 0.720884 0.696603
vt 0.470035 0.499035
vt 0.469930 0.500000
vt 0.593605 0.500000
vt 0.593605 0.250000
vt 0.470035 0.250000
vt 0.720884 0.709896
vt 0.807155 0.710209
vt 0.665038 0.709896
vt 0.567129 0.264122
vt 0.454065 0.264122
vt 0.454065 0.267197
vt 0.567129 0.267197
vt 0.567129 0.273987
vt 0.454065 0.273987
vt 0.454065 0.277644
vt 0.567129 0.277644
vt 0.454065 0.963305
vt 0.567129 0.963305
vt 0.567129 0.958087
vt 0.454065 0.958087
vt 0.567129 0.468391
vt 0.454065 0.468391
vt 0.454065 0.473281
vt 0.567129 0.473281
vt 0.454065 0.973281
vt 0.567129 0.973281
vt 0.567129 0.968391
vt 0.454065 0.968391
vt 0.454065 0.031609
vt 0.567129 0.031609
vt 0.567129 0.026719
vt 0.454065 0.026719
vt 0.454065 0.477913
vt 0.567129 0.477913
vt 0.243622 0.605593
vt 0.243576 0.604298
vt 0.243441 0.603019
vt 0.243217 0.601773
vt 0.242908 0.600575
vt 0.242517 0.599440
vt 0.242049 0.598382
vt 0.241510 0.597415
vt 0.240907 0.596551
vt 0.240248 0.595801
vt 0.239540 0.595173
vt 0.238793 0.594677
vt 0.238016 0.594318
vt 0.237219 0.594101
vt 0.236411 0.594028
vt 0.212041 0.594028
vt 0.211431 0.594073
vt 0.210826 0.594209
vt 0.210232 0.594433
vt 0.209653 0.594744
vt 0.209094 0.595140
vt 0.208561 0.595617
vt 0.208057 0.596170
vt 0.207587 0.596796
vt 0.207155 0.597488
vt 0.206765 0.598242
vt 0.206420 0.599050
vt 0.206123 0.599906
vt 0.205876 0.600802
vt 0.205682 0.601730
vt 0.205542 0.602684
vt 0.205458 0.603654
vt 0.567129 0.218566
vt 0.454065 0.218566
vt 0.454065 0.222356
vt 0.567129 0.222356
vt 0.567129 0.522087
vt 0.454065 0.522087
vt 0.454065 0.526719
vt 0.567129 0.526719
vt 0.454065 0.206722
vt 0.567129 0.206722
vt 0.567129 0.047198
vt 0.454065 0.047198
vt 0.567129 0.732803
vt 0.454065 0.732803
vt 0.454065 0.735878
vt 0.567129 0.735878
vt 0.243054 0.684907
vt 0.243023 0.686153
vt 0.242931 0.687387
vt 0.242779 0.688601
vt 0.242568 0.689783
vt 0.242299 0.690923
vt 0.241975 0.692012
vt 0.241599 0.693040
vt 0.241175 0.693999
vt 0.240704 0.694881
vt 0.240193 0.695677
vt 0.239644 0.696382
vt 0.239063 0.696988
vt 0.238454 0.697492
vt 0.237824 0.697888
vt 0.237176 0.698173
vt 0.236518 0.698346
vt 0.235853 0.698403
vt 0.209313 0.698403
vt 0.208434 0.698311
vt 0.207566 0.698034
vt 0.206719 0.697577
vt 0.205906 0.696946
vt 0.205135 0.696147
vt 0.204417 0.695192
vt 0.203760 0.694092
vt 0.203174 0.692862
vt 0.202664 0.691516
vt 0.202238 0.690071
vt 0.201901 0.688546
vt 0.201657 0.686960
vt 0.201510 0.685333
vt 0.282171 0.750000
vt 0.567129 0.463305
vt 0.454065 0.463305
vt 0.454065 0.982230
vt 0.567129 0.982230
vt 0.567129 0.977913
vt 0.454065 0.977913
vt 0.454065 0.952802
vt 0.567129 0.952802
vt 0.567129 0.793278
vt 0.454065 0.793278
vt 0.567129 0.041913
vt 0.454065 0.041913
vt 0.567129 0.036695
vt 0.454065 0.036695
vt 0.567129 0.285326
vt 0.454065 0.285326
vt 0.454065 0.289285
vt 0.567129 0.289285
vt 0.567129 0.210715
vt 0.454065 0.210715
vt 0.454065 0.214674
vt 0.567129 0.214674
vt 0.567129 0.781434
vt 0.454065 0.781434
vt 0.454065 0.785326
vt 0.567129 0.785326
vt 0.454065 0.226013
vt 0.567129 0.226013
vt 0.567129 0.764122
vt 0.454065 0.764122
vt 0.454065 0.767197
vt 0.567129 0.767197
vt 0.567129 0.531609
vt 0.454065 0.531609
vt 0.454065 0.536695
vt 0.567129 0.536695
vt 0.567129 0.718566
vt 0.454065 0.718566
vt 0.454065 0.722356
vt 0.567129 0.722356
vt 0.567129 0.235878
vt 0.454065 0.235878
vt 0.454065 0.541913
vt 0.567129 0.541913
vt 0.567129 0.770495
vt 0.454065 0.770495
vt 0.454065 0.773987
vt 0.567129 0.773987
vt 0.454065 0.452802
vt 0.567129 0.452802
vt 0.567129 0.293278
vt 0.454065 0.293278
vt 0.567129 0.229505
vt 0.454065 0.229505
vt 0.454065 0.232803
vt 0.567129 0.232803
vt 0.454065 0.022087
vt 0.567129 0.022087
vt 0.567129 0.017770
vt 0.454065 0.017770
vt 0.567129 0.710715
vt 0.454065 0.710715
vt 0.454065 0.714674
vt 0.567129 0.714674
vt 0.454065 0.777644
vt 0.567129 0.777644
vt 0.454065 0.281434
vt 0.567129 0.281434
vt 0.567129 0.482230
vt 0.454065 0.482230
vt 0.454065 0.500000
vt 0.567129 0.500000
vt 0.454065 0.706722
vt 0.567129 0.706722
vt 0.567129 0.547198
vt 0.454065 0.547198
vt 0.454065 1.000000
vt 0.567129 1.000000
vt 0.567129 0.000000
vt 0.454065 0.000000
vt 0.567129 0.729505
vt 0.454065 0.729505
vt 0.454065 0.517770
vt 0.567129 0.517770
vt 0.567129 0.726013
vt 0.454065 0.726013
vt 0.567129 0.789285
vt 0.454065 0.789285
vt 0.454065 0.458087
vt 0.567129 0.458087
vt 0.567129 0.270495
vt 0.454065 0.270495
vt 0.385630 0.723115
vt 0.388630 0.723115
vt 0.388630 0.500770
vt 0.385630 0.500770
vt 0.854634 0.723115
vt 0.858109 0.723115
vt 0.858109 0.500770
vt 0.854634 0.500770
vt 0.395366 0.723115
vt 0.399004 0.723115
vt 0.399004 0.500770
vt 0.395366 0.500770
vt 0.375000 0.001923
vt 0.474286 0.001923
vt 0.474286 0.083370
vt 0.471940 0.083370
vt 0.587656 0.037344
vt 0.587656 0.000000
vt 0.847248 0.723115
vt 0.847248 0.500770
vt 0.469930 0.666876
vt 0.472541 0.666876
vt 0.472541 0.748805
vt 0.375000 0.748805
vt 0.391891 0.723115
vt 0.391891 0.500770
vt 0.614370 0.026885
vt 0.611370 0.026885
vt 0.611370 0.249230
vt 0.614370 0.249230
vt 0.608109 0.026885
vt 0.604634 0.026885
vt 0.604634 0.249230
vt 0.608109 0.249230
vt 0.402752 0.723115
vt 0.402752 0.500770
vt 0.375000 0.001195
vt 0.472541 0.001195
vt 0.472541 0.083124
vt 0.470035 0.083124
vt 0.593605 0.031395
vt 0.593605 0.000000
vt 0.848212 0.597766
vt 0.848212 0.500000
vt 0.843768 0.500000
vt 0.843768 0.597766
vt 0.850996 0.723115
vt 0.850996 0.500770
vt 0.597248 0.026885
vt 0.597248 0.249230
vt 0.375000 0.843886
vt 0.375000 0.876448
vt 0.375337 0.876448
vt 0.375337 0.843886
vt 0.375000 0.937229
vt 0.375000 0.967690
vt 0.375329 0.972288
vt 0.376309 0.976793
vt 0.377920 0.981112
vt 0.380129 0.985158
vt 0.382892 0.988849
vt 0.386151 0.992108
vt 0.389842 0.994871
vt 0.393888 0.997080
vt 0.398207 0.998691
vt 0.402712 0.999671
vt 0.407310 1.000000
vt 0.512203 1.000000
vt 0.512203 0.999576
vt 0.406903 0.999576
vt 0.403098 0.999347
vt 0.399349 0.998665
vt 0.395710 0.997539
vt 0.392234 0.995985
vt 0.388972 0.994026
vt 0.385971 0.991692
vt 0.383276 0.989015
vt 0.380925 0.986035
vt 0.378953 0.982795
vt 0.377388 0.979343
vt 0.376254 0.975728
vt 0.375567 0.972005
vt 0.375337 0.968226
vt 0.375337 0.937229
vt 0.718427 0.500000
vt 0.718427 0.597766
vt 0.125000 0.748805
vt 0.376441 0.976694
vt 0.375743 0.973464
vt 0.375425 0.968990
vt 0.375425 0.842829
vt 0.375000 0.842829
vt 0.625000 0.026885
vt 0.625000 0.249230
vt 0.600996 0.026885
vt 0.600996 0.249230
vt 0.861370 0.723115
vt 0.861370 0.500770
vt 0.375000 0.748077
vt 0.125000 0.748077
vt 0.599924 0.999310
vt 0.602567 0.998735
vt 0.606742 0.997178
vt 0.610653 0.995042
vt 0.614220 0.992371
vt 0.617371 0.989220
vt 0.620042 0.985653
vt 0.622178 0.981742
vt 0.623735 0.977567
vt 0.623984 0.976421
vt 0.623299 0.978605
vt 0.621677 0.982183
vt 0.619633 0.985541
vt 0.617197 0.988630
vt 0.614403 0.991404
vt 0.611293 0.993824
vt 0.607912 0.995854
vt 0.604309 0.997464
vt 0.600537 0.998632
vt 0.599924 0.998743
vt 0.619043 0.763736
vt 0.617108 0.761151
vt 0.613848 0.757891
vt 0.610158 0.755129
vt 0.606112 0.752920
vt 0.601793 0.751309
vt 0.597288 0.750329
vt 0.593859 0.751202
vt 0.597664 0.751430
vt 0.601413 0.752113
vt 0.605052 0.753239
vt 0.608528 0.754793
vt 0.611790 0.756751
vt 0.614791 0.759086
vt 0.617487 0.761763
vt 0.401788 0.499682
vt 0.562838 0.391251
vt 0.561732 0.391176
vt 0.560669 0.390952
vt 0.559690 0.390590
vt 0.558831 0.390101
vt 0.558126 0.389506
vt 0.557602 0.388827
vt 0.557280 0.388091
vt 0.557171 0.387325
vt 0.557280 0.386559
vt 0.557602 0.385822
vt 0.558126 0.385143
vt 0.558831 0.384548
vt 0.559689 0.384060
vt 0.560669 0.383697
vt 0.561732 0.383474
vt 0.562838 0.383398
vt 0.599597 0.261065
vt 0.512203 0.261065
vt 0.402712 0.250329
vt 0.401918 0.267635
vt 0.402981 0.267858
vt 0.403961 0.268221
vt 0.404820 0.268710
vt 0.405525 0.269305
vt 0.406048 0.269983
vt 0.406371 0.270720
vt 0.406480 0.271486
vt 0.406371 0.272252
vt 0.406048 0.272988
vt 0.405525 0.273668
vt 0.404820 0.274262
vt 0.403961 0.274751
vt 0.402982 0.275114
vt 0.401918 0.275337
vt 0.400813 0.275413
vt 0.400787 0.472835
vt 0.402145 0.473121
vt 0.403397 0.473585
vt 0.404494 0.474209
vt 0.405395 0.474969
vt 0.406064 0.475836
vt 0.406476 0.476778
vt 0.406615 0.477756
vt 0.406476 0.478735
vt 0.406064 0.479676
vt 0.405395 0.480544
vt 0.404495 0.481304
vt 0.403397 0.481928
vt 0.402145 0.482392
vt 0.400787 0.482677
vt 0.597288 0.499671
vt 0.601793 0.498691
vt 0.606112 0.497080
vt 0.610158 0.494871
vt 0.613849 0.492108
vt 0.617108 0.488849
vt 0.619871 0.485158
vt 0.622080 0.481112
vt 0.623691 0.476793
vt 0.624671 0.472288
vt 0.625000 0.467690
vt 0.625000 0.466997
vt 0.611018 0.466997
vt 0.611018 0.406573
vt 0.625000 0.406573
vt 0.625000 0.281232
vt 0.624682 0.276788
vt 0.623735 0.272433
vt 0.622178 0.268258
vt 0.620042 0.264347
vt 0.617371 0.260780
vt 0.614220 0.257629
vt 0.610653 0.254958
vt 0.606742 0.252822
vt 0.602567 0.251265
vt 0.599924 0.250690
vt 0.599924 0.261065
vt 0.563943 0.383474
vt 0.565006 0.383697
vt 0.565986 0.384060
vt 0.566845 0.384548
vt 0.567550 0.385143
vt 0.568073 0.385822
vt 0.568396 0.386559
vt 0.568505 0.387325
vt 0.568396 0.388091
vt 0.568073 0.388828
vt 0.567550 0.389506
vt 0.566845 0.390101
vt 0.565986 0.390590
vt 0.565006 0.390952
vt 0.563943 0.391176
vt 0.248552 0.750000
vt 0.281114 0.750000
vt 0.281114 0.500000
vt 0.248552 0.500000
vt 0.341538 0.750000
vt 0.341538 0.500000
vt 0.851421 0.750000
vt 0.851421 0.597766
vt 0.471940 0.666630
vt 0.474286 0.666630
vt 0.474286 0.748077
vt 0.378344 0.767802
vt 0.380552 0.763730
vt 0.381380 0.762616
vt 0.875000 0.723115
vt 0.875000 0.500770
vt 0.906250 0.881950
vt 0.906250 0.820151
vt 0.875000 0.820151
vt 0.875000 0.881950
vt 0.843750 0.820151
vt 0.843750 0.881950
vt 0.812500 0.820151
vt 0.812500 0.881950
vt 0.788628 0.881950
vt 0.781250 0.820151
vt 0.781250 0.881950
vt 0.750000 0.820151
vt 0.750000 0.881950
vt 0.718750 0.820151
vt 0.718750 0.881950
vt 0.687500 0.820151
vt 0.687500 0.881950
vt 0.656250 0.820151
vt 0.656250 0.881950
vt 0.625000 0.820151
vt 0.625000 0.881950
vt 0.593750 0.820151
vt 0.593750 0.881950
vt 0.562500 0.820151
vt 0.562500 0.881950
vt 0.531250 0.820151
vt 0.531250 0.881950
vt 0.500000 0.820151
vt 0.500000 0.881950
vt 0.468750 0.820151
vt 0.468750 0.881950
vt 0.437500 0.820151
vt 0.437500 0.881950
vt 0.406250 0.820151
vt 0.406250 0.881950
vt 0.250000 0.820151
vt 0.218750 0.820151
vt 0.218750 0.881950
vt 0.250000 0.881950
vt 0.281250 0.820151
vt 0.281250 0.881950
vt 0.062500 0.820151
vt 0.031250 0.820151
vt 0.031250 0.881950
vt 0.062500 0.881950
vt 0.187500 0.820151
vt 0.187500 0.881950
vt 0.375000 0.820151
vt 0.375000 0.881950
vt 0.125000 0.820151
vt 0.093750 0.820151
vt 0.093750 0.881950
vt 0.125000 0.881950
vt 0.156250 0.820151
vt 0.156250 0.881950
vt 1.000000 0.820151
vt 0.968750 0.820151
vt 0.968750 0.881950
vt 1.000000 0.881950
vt 0.937500 0.820151
vt 0.937500 0.881950
vt 0.000000 0.820151
vt 0.000000 0.881950
vt 0.343750 0.820151
vt 0.343750 0.881950
vt 0.312500 0.820151
vt 0.312500 0.881950
vt 0.906250 0.882232
vt 0.906250 0.820434
vt 0.875000 0.820434
vt 0.875000 0.882232
vt 0.843750 0.820434
vt 0.843750 0.882232
vt 0.812500 0.820434
vt 0.812500 0.882232
vt 0.781250 0.820434
vt 0.781250 0.882232
vt 0.750000 0.820434
vt 0.750000 0.882232
vt 0.718750 0.820434
vt 0.718750 0.882232
vt 0.687500 0.820434
vt 0.687500 0.882232
vt 0.656250 0.820434
vt 0.656250 0.882232
vt 0.625000 0.820434
vt 0.625000 0.882232
vt 0.593750 0.820434
vt 0.593750 0.882232
vt 0.562500 0.820434
vt 0.562500 0.882232
vt 0.531250 0.820434
vt 0.531250 0.882232
vt 0.500000 0.820434
vt 0.500000 0.882232
vt 0.468750 0.820434
vt 0.468750 0.882232
vt 0.437500 0.820434
vt 0.437500 0.882232
vt 0.406250 0.820434
vt 0.406250 0.882232
vt 0.375000 0.820434
vt 0.343750 0.820434
vt 0.343750 0.882232
vt 0.375000 0.882232
vt 0.312500 0.820434
vt 0.312500 0.882232
vt 0.281250 0.820434
vt 0.281250 0.882232
vt 0.937500 0.820434
vt 0.937500 0.882232
vt 0.968750 0.820434
vt 0.968750 0.882232
vt 0.218750 0.820434
vt 0.187500 0.820434
vt 0.187500 0.882232
vt 0.218750 0.882232
vt 0.093750 0.820434
vt 0.062500 0.820434
vt 0.062500 0.882232
vt 0.093750 0.882232
vt 0.156250 0.820434
vt 0.156250 0.882232
vt 0.031250 0.820434
vt 0.000000 0.820434
vt 0.000000 0.882232
vt 0.031250 0.882232
vt 0.125000 0.820434
vt 0.125000 0.882232
vt 0.250000 0.820434
vt 0.250000 0.882232
vt 1.000000 0.820434
vt 1.000000 0.882232
vt 0.510559 0.490672
vt 0.507953 0.479433
vt 0.507953 0.250000
vt 0.386304 0.250000
vt 0.386304 0.500000
vt 0.517111 0.500000
vt 0.375000 0.666630
vt 0.375000 0.500000
vt 0.386304 1.000000
vt 0.625000 1.000000
vt 0.625000 0.750000
vt 0.386304 0.750000
vt 0.375000 0.083370
vt 0.625000 0.748077
vt 0.520902 0.033234
vt 0.523974 0.033234
vt 0.523974 0.001195
vt 0.625000 0.001195
vt 0.400756 0.000000
vt 0.400756 0.250000
vt 0.520902 0.250000
vt 0.400756 0.500000
vt 0.520902 0.500000
vt 0.400756 0.750000
vt 0.625000 0.748805
vt 0.523974 0.748805
vt 0.523974 0.716766
vt 0.520902 0.716766
vt 0.400756 1.000000
vt 0.875000 0.748805
vt 1.000000 0.946023
vt 1.000000 0.873809
vt 0.968750 0.873809
vt 0.968750 0.946023
vt 0.906250 0.946023
vt 0.906250 0.873809
vt 0.875000 0.873809
vt 0.875000 0.946023
vt 0.843750 0.873809
vt 0.843750 0.946023
vt 0.812500 0.873809
vt 0.812500 0.946023
vt 0.781250 0.873809
vt 0.781250 0.946023
vt 0.750000 0.873809
vt 0.750000 0.946023
vt 0.718750 0.873809
vt 0.718750 0.946023
vt 0.687500 0.873809
vt 0.687500 0.946023
vt 0.656250 0.873809
vt 0.656250 0.946023
vt 0.625000 0.873809
vt 0.625000 0.946023
vt 0.593750 0.873809
vt 0.593750 0.946023
vt 0.562500 0.873809
vt 0.562500 0.946023
vt 0.531250 0.873809
vt 0.531250 0.946023
vt 0.500000 0.873809
vt 0.500000 0.946023
vt 0.468750 0.873809
vt 0.468750 0.946023
vt 0.437500 0.873809
vt 0.437500 0.946023
vt 0.406250 0.873809
vt 0.406250 0.946023
vt 0.218750 0.946023
vt 0.218750 0.873809
vt 0.187500 0.873809
vt 0.187500 0.946023
vt 0.097124 0.946023
vt 0.125000 0.946023
vt 0.125000 0.873809
vt 0.093750 0.873809
vt 0.093750 0.946023
vt 0.156250 0.873809
vt 0.156250 0.946023
vt 0.312500 0.873809
vt 0.281250 0.873809
vt 0.281250 0.946023
vt 0.312500 0.946023
vt 0.375000 0.873809
vt 0.343750 0.873809
vt 0.343750 0.946023
vt 0.375000 0.946023
vt 0.250000 0.873809
vt 0.250000 0.946023
vt 0.937500 0.873809
vt 0.937500 0.946023
vt 0.031250 0.873809
vt 0.000000 0.873809
vt 0.000000 0.946023
vt 0.031250 0.946023
vt 0.062500 0.873809
vt 0.062500 0.946023
s 0
usemtl Material.001
f 19/1/1 574/2/1 575/3/1 690/4/1 689/5/1 701/6/1 703/7/1 704/8/1 702/9/1 705/10/1 695/11/1 696/12/1 697/13/1 698/14/1 699/15/1 706/16/1 707/17/1 67/18/1 20/19/1 30/20/1 29/21/1 28/22/1 27/23/1 26/24/1 25/25/1 24/26/1 23/27/1 22/28/1 21/29/1
f 55/30/2 44/31/2 568/32/2 579/33/2
f 74/34/3 648/35/3 649/36/3 646/37/3
f 31/38/4 20/19/4 67/18/4 75/39/4
f 1/40/5 2/41/5 16/42/5 17/43/5
f 2/41/6 3/44/6 15/45/6 16/42/6
f 3/44/7 4/46/7 14/47/7 15/45/7
f 4/48/8 5/49/8 13/50/8 14/51/8
f 5/49/9 6/52/9 12/53/9 13/50/9
f 6/52/10 7/54/10 11/55/10 12/53/10
f 7/54/11 8/56/11 10/57/11 11/55/11
f 8/56/12 554/58/12 564/59/12 10/57/12
f 19/60/13 21/61/13 42/62/13 32/63/13
f 21/61/14 22/64/14 41/65/14 42/62/14
f 22/64/15 23/66/15 40/67/15 41/65/15
f 23/66/16 24/68/16 39/69/16 40/67/16
f 24/68/17 25/70/17 38/71/17 39/69/17
f 25/70/18 26/72/18 37/73/18 38/71/18
f 26/72/19 27/74/19 36/75/19 37/73/19
f 27/74/20 28/76/20 35/77/20 36/75/20
f 28/76/21 29/78/21 34/79/21 35/77/21
f 29/78/22 30/80/22 33/81/22 34/79/22
f 30/80/23 20/19/23 31/38/23 33/81/23
f 55/82/24 579/83/24 694/84/24 693/85/24 578/86/24 577/87/24 692/88/24 691/89/24 576/90/24 32/91/24 42/92/24 41/93/24 40/94/24 39/95/24 38/96/24 37/97/24 36/98/24 35/99/24 34/100/24 672/101/24 671/102/24 661/103/24 666/104/24 667/105/24 668/106/24 660/107/24 669/108/24 658/109/24 657/110/24 664/111/24 662/112/24 659/113/24 665/114/24 663/115/24 670/116/24 688/117/24 602/118/24 590/119/24 596/120/24 597/121/24 583/122/24 584/123/24 586/124/24 580/125/24 581/126/24 582/127/24 585/128/24 608/129/24 610/130/24 591/131/24 592/132/24 594/133/24 65/134/24 64/135/24 63/136/24 62/137/24 61/138/24 60/139/24 59/140/24 58/141/24 57/142/24
f 55/30/25 57/143/25 54/144/25 44/31/25
f 57/143/26 58/145/26 53/146/26 54/144/26
f 58/145/27 59/147/27 52/148/27 53/146/27
f 59/147/28 60/149/28 51/150/28 52/148/28
f 60/149/29 61/151/29 50/152/29 51/150/29
f 61/151/30 62/153/30 49/154/30 50/152/30
f 62/155/31 63/156/31 48/157/31 49/158/31
f 63/156/32 64/159/32 47/160/32 48/157/32
f 64/159/33 65/161/33 46/162/33 47/160/33
f 65/161/34 66/163/34 45/164/34 46/162/34
f 66/163/35 56/165/35 43/166/35 45/164/35
f 74/34/36 76/167/36 650/168/36 648/35/36
f 76/167/37 77/169/37 651/170/37 650/168/37
f 77/169/38 78/171/38 655/172/38 656/173/38 651/170/38
f 78/171/39 79/174/39 654/175/39 655/172/39
f 79/174/40 80/176/40 73/177/40 652/178/40 653/179/40 654/175/40
f 80/176/41 81/180/41 72/181/41 73/177/41
f 81/180/42 82/182/42 71/183/42 72/181/42
f 82/182/43 83/184/43 70/185/43 71/183/43
f 83/184/44 84/186/44 69/187/44 70/185/44
f 84/186/45 85/188/45 68/189/45 69/187/45
f 85/188/46 75/39/46 67/18/46 68/189/46
f 43/166/47 56/165/47 548/190/47 546/191/47
f 89/192/24 86/193/24 383/194/24 381/195/24
f 91/192/24 90/193/24 375/196/24 373/197/24
f 97/198/24 96/199/24 95/200/24 94/201/24 393/202/24 649/203/24 648/204/24 650/205/24 651/206/24 656/207/24
f 94/208/48 95/209/48 251/210/48 250/211/48
f 95/209/49 96/212/49 246/213/49 251/210/49
f 96/212/50 97/214/50 236/215/50 246/213/50
f 97/214/51 98/216/51 235/217/51 236/215/51
f 98/216/52 99/218/52 234/219/52 235/217/52
f 99/218/53 653/220/53 652/221/53 715/222/53 233/223/53 234/219/53
f 385/224/47 263/225/47 261/226/47 532/227/47 547/228/47 384/229/47
f 144/230/1 132/231/1 187/232/1 189/233/1 297/234/1 295/235/1 294/236/1 296/237/1 299/238/1 292/239/1 301/240/1 288/241/1 290/242/1 286/243/1 303/244/1 281/245/1 283/246/1 278/247/1 285/248/1 274/249/1 276/250/1 272/251/1 328/252/1 330/253/1 332/254/1 326/255/1 334/256/1 322/257/1 324/258/1 320/259/1 335/260/1 315/261/1 317/262/1 311/263/1 319/264/1 307/265/1 309/266/1 305/267/1 304/268/1 306/269/1 308/270/1 310/271/1 312/272/1 313/273/1 112/274/1 113/275/1 114/276/1 115/277/1 116/278/1 104/279/1 159/280/1 161/281/1 162/282/1 163/283/1 164/284/1 165/285/1 166/286/1 167/287/1 168/288/1 169/289/1 170/290/1 171/291/1 172/292/1 351/293/1 340/294/1 342/295/1 338/296/1 337/297/1 339/298/1 343/299/1 341/300/1 352/301/1 345/302/1 349/303/1 347/304/1 368/305/1 354/306/1 358/307/1 356/308/1 367/309/1 360/310/1 365/311/1 363/312/1 361/313/1 362/314/1 364/315/1 359/316/1 138/317/1 139/318/1 140/319/1 141/320/1 142/321/1 143/322/1
f 344/323/1 351/293/1 172/292/1 160/324/1 131/201/1 133/200/1 134/199/1 135/198/1 136/325/1 137/326/1 138/317/1 359/316/1 366/327/1 355/328/1 357/329/1 353/330/1 350/331/1 346/332/1 348/333/1
f 329/334/1 328/252/1 272/251/1 271/335/1 273/336/1 107/337/1 108/338/1 109/339/1 110/340/1 111/341/1 112/274/1 313/273/1 318/342/1 316/343/1 314/344/1 336/345/1 321/346/1 325/347/1 323/348/1 333/349/1 327/350/1 331/351/1
f 199/352/1 200/353/1 188/354/1 103/355/1 105/356/1 106/357/1 107/337/1 273/336/1 275/358/1 277/359/1 279/360/1 284/361/1 282/362/1 280/363/1 302/364/1 287/365/1 291/366/1 289/367/1 300/368/1 293/369/1 298/370/1 297/234/1 189/233/1 190/371/1 191/372/1 192/373/1 193/374/1 194/375/1 195/376/1 196/377/1 197/378/1 198/379/1
f 395/380/2 131/208/2 160/381/2 173/382/2 462/383/2 466/384/2 470/385/2 476/386/2 478/387/2 484/388/2 488/389/2 494/390/2 530/391/2 528/392/2 524/393/2 526/394/2 520/395/2 522/396/2 516/397/2 518/398/2 514/399/2 510/400/2 512/401/2 508/402/2 504/403/2 506/404/2 502/405/2 500/406/2 498/407/2 496/408/2 492/409/2 490/410/2 486/411/2 482/412/2 480/413/2 474/414/2 472/415/2 468/416/2 394/417/2 397/418/2
f 146/419/2 131/208/2 395/380/2 396/420/2
f 369/421/3 371/422/3 201/423/3 118/424/3 103/425/3 374/426/3
f 145/427/47 202/428/47 187/232/47 132/231/47
f 103/425/54 118/424/54 130/429/54 105/430/54
f 105/430/55 130/429/55 129/431/55 106/432/55
f 106/432/56 129/431/56 128/433/56 107/434/56
f 107/434/57 128/433/57 127/435/57 108/436/57
f 108/436/58 127/435/58 126/437/58 109/438/58
f 109/438/59 126/437/59 125/47/59 110/46/59
f 110/48/60 125/51/60 124/439/60 111/440/60
f 111/440/61 124/439/61 123/441/61 112/442/61
f 112/442/62 123/441/62 122/443/62 113/444/62
f 113/444/63 122/443/63 121/445/63 114/446/63
f 114/446/64 121/445/64 120/447/64 115/448/64
f 115/448/65 120/447/65 119/449/65 116/450/65
f 116/450/66 119/449/66 117/451/66 104/452/66
f 131/208/67 146/419/67 158/453/67 133/209/67
f 133/209/68 158/453/68 157/454/68 134/212/68
f 134/212/69 157/454/69 156/455/69 135/214/69
f 135/214/70 156/455/70 155/456/70 136/216/70
f 136/216/71 155/456/71 154/457/71 137/218/71
f 137/218/72 154/457/72 153/458/72 138/459/72
f 138/459/73 153/458/73 152/460/73 139/461/73
f 139/461/74 152/460/74 151/462/74 140/463/74
f 140/463/75 151/462/75 150/464/75 141/465/75
f 141/465/76 150/464/76 149/466/76 142/467/76
f 142/467/77 149/466/77 148/468/77 143/469/77
f 143/469/78 148/468/78 147/470/78 144/471/78
f 144/471/79 147/470/79 145/427/79 132/231/79
f 217/472/24 218/473/24 145/427/24 147/474/24 148/475/24 149/476/24 150/477/24 151/478/24 152/479/24 153/480/24 154/481/24 155/482/24 156/483/24 157/484/24 158/485/24 146/486/24 173/487/24 175/488/24 176/489/24 177/490/24 178/491/24 179/492/24 180/493/24 181/494/24 182/495/24 183/496/24 184/497/24 185/498/24 186/499/24 174/500/24 117/451/24 261/501/24 263/502/24 262/503/24 264/504/24 265/505/24 267/506/24 266/507/24 268/508/24 269/509/24 270/510/24 244/511/24 245/512/24 247/513/24 248/514/24 249/515/24 250/516/24 251/517/24 246/518/24 236/519/24 235/520/24 234/521/24 233/522/24 231/523/24 232/524/24 230/525/24 221/526/24 219/527/24
f 173/382/80 160/381/80 172/528/80 175/529/80
f 175/529/81 172/528/81 171/530/81 176/531/81
f 176/531/82 171/530/82 170/532/82 177/533/82
f 177/533/83 170/532/83 169/534/83 178/535/83
f 178/535/84 169/534/84 168/536/84 179/537/84
f 179/537/85 168/536/85 167/538/85 180/539/85
f 180/539/86 167/538/86 166/154/86 181/153/86
f 181/155/87 166/158/87 165/540/87 182/541/87
f 182/541/88 165/540/88 164/542/88 183/543/88
f 183/543/89 164/542/89 163/544/89 184/545/89
f 184/545/90 163/544/90 162/546/90 185/547/90
f 185/547/91 162/546/91 161/548/91 186/549/91
f 186/549/92 161/548/92 159/550/92 174/500/92
f 201/423/93 188/551/93 200/552/93 203/553/93
f 203/553/94 200/552/94 199/554/94 204/555/94
f 204/555/95 199/554/95 198/556/95 205/557/95
f 205/557/96 198/556/96 197/558/96 206/559/96
f 206/559/97 197/558/97 196/560/97 207/561/97
f 207/561/98 196/560/98 195/562/98 208/563/98
f 208/563/99 195/562/99 194/564/99 209/565/99
f 209/565/100 194/564/100 193/566/100 210/567/100
f 210/567/101 193/566/101 192/568/101 211/569/101
f 211/569/102 192/568/102 191/570/102 212/571/102
f 212/571/103 191/570/103 190/572/103 213/573/103
f 213/573/104 190/572/104 189/574/104 214/575/104
f 214/575/105 189/574/105 187/232/105 202/428/105
f 387/576/4 159/550/4 104/452/4 117/451/4 174/500/4 388/577/4 389/578/4 386/579/4
f 388/577/4 174/500/4 159/550/4 387/576/4
f 265/580/106 555/581/106 562/582/106 267/583/106
f 268/584/107 557/585/107 559/586/107 269/587/107
f 247/588/108 101/530/108 102/528/108 248/589/108
f 223/590/109 701/591/109 689/592/109 242/593/109
f 218/594/4 708/595/4 707/596/4 706/597/4 216/598/4
f 259/599/24 261/501/24 117/451/24 119/600/24 120/601/24 121/602/24 122/603/24 123/604/24 124/605/24 125/606/24 126/607/24 127/608/24 128/609/24 129/610/24 130/611/24 118/612/24 201/613/24 203/614/24 204/615/24 205/616/24 206/617/24 207/618/24 208/619/24 209/620/24 210/621/24 211/622/24 212/623/24 213/624/24 214/625/24 202/428/24 145/427/24 218/473/24 216/626/24 215/627/24 220/628/24 228/629/24 229/630/24 227/631/24 226/632/24 225/633/24 224/634/24 222/635/24 223/636/24 242/637/24 239/638/24 238/639/24 237/640/24 240/641/24 241/642/24 243/643/24 252/644/24 253/645/24 256/646/24 254/647/24 255/648/24 257/649/24 258/650/24 260/651/24
f 244/652/110 556/653/110 558/654/110 245/655/110
f 224/656/111 704/657/111 703/658/111 222/659/111
f 229/660/112 696/661/112 695/662/112 227/663/112
f 242/593/113 689/592/113 690/664/113 239/665/113
f 264/666/114 552/667/114 555/581/114 265/580/114
f 225/668/115 702/669/115 704/657/115 224/656/115
f 215/670/116 699/671/116 698/672/116 220/673/116
f 262/674/117 263/225/117 385/224/117 390/675/117
f 220/673/118 698/672/118 697/676/118 228/677/118
f 269/587/119 559/586/119 560/678/119 270/679/119
f 94/208/3 250/211/3 249/680/3 100/381/3 467/681/3 463/682/3 459/683/3 457/684/3 453/685/3 449/686/3 447/687/3 443/688/3 439/689/3 435/690/3 433/691/3 429/692/3 425/693/3 423/694/3 421/695/3 419/696/3 409/697/3 405/698/3 407/699/3 401/700/3 403/701/3 411/702/3 417/703/3 413/704/3 415/705/3 427/706/3 431/707/3 437/708/3 441/709/3 445/710/3 451/711/3 455/712/3 461/713/3 465/714/3 398/715/3 399/716/3 393/717/3
f 380/718/120 379/719/120 238/720/120 239/665/120 690/664/120 575/721/120
f 270/679/121 560/678/121 556/653/121 244/652/121
f 228/677/122 697/676/122 696/661/122 229/660/122
f 226/722/123 705/723/123 702/669/123 225/668/123
f 248/589/124 102/528/124 100/381/124 249/680/124
f 245/655/125 558/654/125 563/724/125 565/725/125 101/530/125 247/588/125
f 377/726/2 573/727/2 571/728/2 372/729/2 370/730/2 569/731/2 533/732/2 237/733/2 238/720/2 379/719/2
f 266/734/126 561/735/126 557/736/126 268/737/126
f 267/583/127 562/582/127 561/735/127 266/734/127
f 391/738/128 553/739/128 552/667/128 264/666/128 262/674/128 390/675/128
f 222/659/129 703/658/129 701/591/129 223/590/129
f 227/663/130 695/662/130 705/723/130 226/722/130
f 216/598/131 706/597/131 699/671/131 215/670/131
f 372/740/1 371/741/1 369/742/1 370/743/1
f 376/744/3 378/745/3 201/423/3 371/422/3 373/746/3 382/747/3
f 379/748/1 380/749/1 378/750/1 376/751/1 377/752/1
f 383/753/3 382/747/3 373/746/3 375/754/3 374/426/3 103/425/3 188/551/3 201/423/3 378/745/3 381/755/3
f 433/756/132 432/757/132 428/758/132 429/759/132
f 423/760/133 422/761/133 420/762/133 421/763/133
f 522/764/134 523/765/134 517/766/134 516/767/134
f 417/768/135 416/769/135 412/770/135 413/771/135
f 526/772/136 527/773/136 521/774/136 520/775/136
f 478/776/137 479/777/137 485/778/137 484/779/137
f 413/771/138 412/770/138 414/780/138 415/781/138
f 394/417/2 468/416/2 464/782/2 460/783/2 454/784/2 450/785/2 444/786/2 440/787/2 436/788/2 430/789/2 426/790/2 414/791/2 412/792/2 416/793/2 410/794/2 402/795/2 400/796/2 406/797/2 404/798/2 408/799/2 418/800/2 420/801/2 422/802/2 424/803/2 428/804/2 432/805/2 434/806/2 438/807/2 442/808/2 446/809/2 448/810/2 452/811/2 456/812/2 458/813/2 462/383/2 173/382/2 146/419/2 396/420/2
f 453/814/139 452/815/139 448/816/139 449/817/139
f 441/818/140 440/819/140 444/820/140 445/821/140
f 462/822/47 463/823/47 467/824/47 466/825/47
f 493/826/141 492/827/141 496/828/141 497/829/141
f 398/715/3 465/714/3 469/830/3 473/831/3 475/832/3 481/833/3 483/834/3 487/835/3 491/836/3 493/837/3 497/838/3 499/839/3 501/840/3 503/841/3 507/842/3 505/843/3 509/844/3 513/845/3 511/846/3 515/847/3 519/848/3 517/849/3 523/850/3 521/851/3 527/852/3 525/853/3 529/854/3 531/855/3 495/856/3 489/857/3 485/858/3 479/859/3 477/860/3 471/861/3 467/681/3 100/381/3 392/862/3
f 411/863/142 410/864/142 416/769/142 417/768/142
f 528/865/143 529/866/143 525/867/143 524/868/143
f 518/869/24 519/870/24 515/871/24 514/872/24
f 466/825/144 467/824/144 471/873/144 470/874/144
f 470/874/145 471/873/145 477/875/145 476/876/145
f 476/876/146 477/875/146 479/777/146 478/776/146
f 409/877/147 408/878/147 404/879/147 405/880/147
f 459/881/148 458/882/148 456/883/148 457/884/148
f 509/885/149 508/886/149 512/887/149 513/888/149
f 449/817/150 448/816/150 446/889/150 447/890/150
f 499/891/151 498/892/151 500/893/151 501/894/151
f 451/895/152 450/896/152 454/897/152 455/898/152
f 481/899/153 480/900/153 482/901/153 483/902/153
f 435/903/154 434/904/154 432/757/154 433/756/154
f 463/823/155 462/822/155 458/882/155 459/881/155
f 455/898/156 454/897/156 460/905/156 461/906/156
f 503/907/157 502/908/157 506/909/157 507/910/157
f 400/911/1 401/912/1 407/913/1 406/914/1
f 443/915/158 442/916/158 438/917/158 439/918/158
f 488/919/159 489/920/159 495/921/159 494/922/159
f 473/923/160 472/924/160 474/925/160 475/926/160
f 507/910/161 506/909/161 504/927/161 505/928/161
f 421/763/162 420/762/162 418/929/162 419/930/162
f 427/931/163 426/932/163 430/933/163 431/934/163
f 468/935/4 469/936/4 465/937/4 464/938/4
f 447/890/164 446/889/164 442/916/164 443/915/164
f 497/829/165 496/828/165 498/892/165 499/891/165
f 520/775/166 521/774/166 523/765/166 522/764/166
f 445/821/167 444/820/167 450/896/167 451/895/167
f 530/939/168 531/940/168 529/866/168 528/865/168
f 516/767/169 517/766/169 519/870/169 518/869/169
f 494/922/170 495/921/170 531/941/170 530/942/170
f 491/943/171 490/944/171 492/827/171 493/826/171
f 505/928/172 504/927/172 508/886/172 509/885/172
f 419/930/173 418/929/173 408/878/173 409/877/173
f 431/934/174 430/933/174 436/945/174 437/946/174
f 524/868/175 525/867/175 527/773/175 526/772/175
f 484/779/176 485/778/176 489/920/176 488/919/176
f 487/947/177 486/948/177 490/944/177 491/943/177
f 415/781/178 414/780/178 426/932/178 427/931/178
f 469/936/179 468/935/179 472/924/179 473/923/179
f 511/949/180 510/950/180 514/872/180 515/871/180
f 401/912/181 400/911/181 402/951/181 403/952/181
f 405/880/182 404/879/182 406/914/182 407/913/182
f 425/953/183 424/954/183 422/761/183 423/760/183
f 461/906/184 460/905/184 464/938/184 465/937/184
f 483/902/185 482/901/185 486/948/185 487/947/185
f 429/759/186 428/758/186 424/954/186 425/953/186
f 475/926/187 474/925/187 480/900/187 481/899/187
f 437/946/188 436/945/188 440/819/188 441/818/188
f 403/952/189 402/951/189 410/864/189 411/863/189
f 439/918/190 438/917/190 434/904/190 435/903/190
f 457/884/191 456/883/191 452/815/191 453/814/191
f 513/888/192 512/887/192 510/950/192 511/949/192
f 501/894/193 500/893/193 502/908/193 503/907/193
f 713/955/194 714/956/194 232/957/194 231/958/194
f 542/959/195 543/960/195 252/961/195 243/962/195
f 711/963/196 710/964/196 219/965/196 221/966/196
f 694/967/47 579/968/47 568/969/47 569/970/47 370/743/47 369/742/47 374/971/47 375/972/47 90/158/47
f 533/732/197 536/973/197 240/974/197 237/733/197
f 575/975/4 574/976/4 576/977/4 691/978/4 89/192/4 381/195/4 378/750/4 380/749/4
f 714/956/198 712/979/198 230/980/198 232/957/198
f 539/981/199 541/982/199 255/983/199 254/984/199
f 545/985/200 535/986/200 258/987/200 257/988/200
f 709/989/201 708/595/201 218/594/201 217/990/201
f 712/979/202 711/963/202 221/966/202 230/980/202
f 710/964/203 709/989/203 217/990/203 219/965/203
f 692/991/47 577/992/47 572/993/47 573/994/47 377/752/47 376/751/47 382/995/47 383/996/47 86/158/47
f 566/997/204 18/998/204 9/999/204 567/1000/204
f 536/973/205 537/1001/205 241/1002/205 240/974/205
f 538/1003/206 532/227/206 261/226/206 259/1004/206
f 572/1005/1 570/1006/1 571/1007/1 573/1008/1
f 568/1009/1 44/1010/1 54/1011/1 53/1012/1 52/1013/1 51/1014/1 50/1015/1 49/1016/1 48/1017/1 47/1018/1 46/1019/1 45/1020/1 43/1021/1 546/1022/1 547/1023/1 532/1024/1 538/1025/1 534/1026/1 535/1027/1 545/1028/1 541/1029/1 539/1030/1 544/1031/1 540/1032/1 543/1033/1 542/1034/1 537/1035/1 536/1036/1 533/1037/1 569/1038/1
f 537/1001/207 542/959/207 243/962/207 241/1002/207
f 567/1000/3 9/999/3 644/1039/3 647/1040/3
f 691/978/3 692/1041/3 86/154/3 89/192/3
f 565/1042/24 566/1043/24 567/1044/24 647/1045/24 392/1046/24 100/324/24 102/292/24 101/291/24
f 544/1047/208 539/981/208 254/984/208 256/1048/208
f 535/986/209 534/1049/209 260/1050/209 258/987/209
f 715/222/210 713/955/210 231/958/210 233/223/210
f 543/960/211 540/1051/211 253/1052/211 252/961/211
f 693/1053/3 694/1054/3 90/154/3 91/192/3
f 554/1055/1 8/1056/1 7/1057/1 6/1058/1 5/1059/1 4/1060/1 3/1061/1 2/1062/1 1/1063/1 563/1064/1 558/1065/1 556/1066/1 560/1067/1 559/1068/1 557/1069/1 561/1070/1 562/1071/1 555/1072/1 552/1073/1 553/1074/1
f 652/1075/1 73/1076/1 72/1077/1 71/1078/1 70/1079/1 69/1080/1 68/1081/1 67/18/1 707/17/1 708/1082/1 709/1083/1 710/1084/1 711/1085/1 712/1086/1 714/1087/1 713/1088/1 715/1089/1
f 34/100/24 33/1090/24 31/38/24 75/39/24 630/1091/24 631/1092/24 634/1093/24 637/1094/24 638/1095/24 636/1096/24 639/1097/24 640/1098/24 615/1099/24 620/1100/24 618/1101/24 621/1102/24 623/1103/24 624/1104/24 625/1105/24 626/1106/24 627/1107/24 550/1108/24 549/1109/24 548/190/24 56/165/24 66/1110/24 65/134/24 594/133/24 595/1111/24 611/1112/24 609/1113/24 593/1114/24 600/1115/24 589/1116/24 587/1117/24 601/1118/24 599/1119/24 598/1120/24 588/1121/24 606/1122/24 607/1123/24 605/1124/24 604/1125/24 603/1126/24 602/118/24 688/117/24 687/1127/24 684/1128/24 686/1129/24 685/1130/24 679/1131/24 683/1132/24 680/1133/24 673/1134/24 682/1135/24 681/1136/24 676/1137/24 678/1138/24 677/1139/24 675/1140/24 674/1141/24 672/101/24
f 75/39/24 85/1142/24 84/1143/24 83/1144/24 82/1145/24 81/1146/24 80/1147/24 79/1148/24 78/1149/24 77/1150/24 76/1151/24 74/1152/24 646/1153/24 700/1154/24 645/1155/24 644/1156/24 9/1157/24 18/1158/24 17/1159/24 16/1160/24 15/1161/24 14/1162/24 13/1163/24 12/1164/24 11/1165/24 10/1166/24 564/1167/24 551/1168/24 550/1108/24 627/1107/24 628/1169/24 643/1170/24 641/1171/24 642/1172/24 622/1173/24 619/1174/24 617/1175/24 616/1176/24 612/1177/24 614/1178/24 613/1179/24 635/1180/24 632/1181/24 633/1182/24 629/1183/24 630/1091/24
f 534/1049/212 538/1003/212 259/1004/212 260/1050/212
f 570/1184/2 572/1185/2 577/1186/2 578/1187/2
f 574/1188/2 19/60/2 32/63/2 576/1189/2
f 541/982/213 545/985/213 257/988/213 255/983/213
f 563/1190/214 1/40/214 17/43/214 18/998/214 566/997/214 565/1191/214
f 571/1192/4 570/1193/4 578/1194/4 693/1053/4 91/192/4 373/197/4 371/741/4 372/740/4
f 656/207/24 655/1195/24 654/1196/24 653/1197/24 99/326/24 98/325/24 97/198/24
f 540/1051/215 544/1198/215 256/1199/215 253/1052/215
usemtl 
f 289/1200/216 668/1201/216 667/1202/216 300/1203/216
f 300/1203/217 667/1202/217 666/1204/217 293/1205/217
f 293/1205/218 666/1204/218 661/1206/218 298/1207/218
f 297/1208/219 298/1207/219 661/1206/219 671/1209/219 295/1210/219
f 295/1210/220 671/1209/220 672/1211/220 294/1212/220
f 294/1212/221 672/1211/221 674/1213/221 296/1214/221
f 296/1214/222 674/1213/222 675/1215/222 299/1216/222
f 299/1216/223 675/1215/223 677/1217/223 292/1218/223
f 292/1218/224 677/1217/224 678/1219/224 301/1220/224
f 301/1220/225 678/1219/225 676/1221/225 288/1222/225
f 288/1222/226 676/1221/226 681/1223/226 290/1224/226
f 290/1224/227 681/1223/227 682/1225/227 286/1226/227
f 286/1226/228 682/1225/228 673/1227/228 303/1228/228
f 303/1228/229 673/1227/229 680/1229/229 281/1230/229
f 281/1230/230 680/1229/230 683/1231/230 283/1232/230
f 283/1232/231 683/1231/231 679/1233/231 278/1234/231
f 688/1235/232 670/1236/232 273/1237/232 271/1238/232
f 687/1239/233 688/1235/233 271/1238/233 272/1240/233
f 664/1241/234 657/1242/234 280/1243/234 282/1244/234
f 670/1236/235 663/1245/235 275/1246/235 273/1237/235
f 679/1233/236 685/1247/236 285/1248/236 278/1234/236
f 659/1249/237 662/1250/237 284/1251/237 279/1252/237
f 663/1245/238 665/1253/238 277/1254/238 275/1246/238
f 658/1255/239 669/1256/239 287/1257/239 302/1258/239
f 665/1253/240 659/1249/240 279/1252/240 277/1254/240
f 662/1250/241 664/1241/241 282/1244/241 284/1251/241
f 669/1256/242 660/1259/242 291/1260/242 287/1257/242
f 657/1242/243 658/1261/243 302/1262/243 280/1243/243
f 660/1259/244 668/1201/244 289/1200/244 291/1260/244
f 685/1247/245 686/1263/245 274/1264/245 285/1248/245
f 684/1265/246 687/1239/246 272/1240/246 276/1266/246
f 686/1263/247 684/1265/247 276/1266/247 274/1264/247
f 356/1267/216 636/1268/216 638/1269/216 367/1270/216
f 367/1270/217 638/1269/217 637/1271/217 360/1272/217
f 360/1272/218 637/1271/218 634/1273/218 365/1274/218
f 365/1274/219 634/1273/219 631/1275/219 363/1276/219
f 363/1276/220 631/1275/220 630/1277/220 361/1278/220
f 361/1278/221 630/1277/221 629/1279/221 362/1280/221
f 362/1280/222 629/1279/222 633/1281/222 364/1282/222
f 364/1282/223 633/1281/223 632/1283/223 359/1284/223
f 359/1284/224 632/1283/224 635/1285/224 366/1286/224
f 366/1286/225 635/1285/225 613/1287/225 355/1288/225
f 355/1288/226 613/1287/226 614/1289/226 357/1290/226
f 357/1290/227 614/1289/227 612/1291/227 353/1292/227
f 353/1292/228 612/1291/228 616/1293/228 350/1294/228
f 350/1294/229 616/1293/229 617/1295/229 346/1296/229
f 346/1296/230 617/1295/230 619/1297/230 348/1298/230
f 348/1298/231 619/1297/231 622/1299/231 344/1300/231
f 642/1301/245 641/1302/245 340/1303/245 351/1304/245
f 641/1302/247 643/1305/247 342/1306/247 340/1303/247
f 643/1305/246 628/1307/246 338/1308/246 342/1306/246
f 639/1309/244 636/1268/244 356/1267/244 358/1310/244
f 640/1311/242 639/1309/242 358/1310/242 354/1312/242
f 626/1313/235 625/1314/235 343/1315/235 339/1316/235
f 621/1317/241 618/1318/241 349/1319/241 345/1320/241
f 625/1314/238 624/1321/238 341/1322/238 343/1315/238
f 620/1323/243 615/1324/243 368/1325/243 347/1326/243
f 624/1321/240 623/1327/240 352/1328/240 341/1322/240
f 622/1299/236 642/1301/236 351/1304/236 344/1300/236
f 628/1307/233 627/1329/233 337/1330/233 338/1308/233
f 627/1329/232 626/1313/232 339/1316/232 337/1330/232
f 618/1318/234 620/1323/234 347/1326/234 349/1319/234
f 623/1327/237 621/1317/237 345/1320/237 352/1328/237
f 615/1331/239 640/1311/239 354/1312/239 368/1332/239
f 390/1333/1 385/1334/1 384/1335/1 389/1336/1 388/1337/1 391/1338/1
f 387/192/3 93/192/3 551/1053/3 564/1053/3 554/1339/3 553/1339/3 391/1340/3 388/1340/3
f 386/1341/24 87/1342/24 93/1343/24 387/1344/24
f 547/1345/2 546/1345/2 548/967/2 549/967/2 87/158/2 386/158/2 389/155/2 384/155/2
f 549/1346/4 550/1346/4 551/1346/4 93/1343/4 87/1343/4
f 392/1347/47 647/1348/47 644/1349/47 645/1350/47 88/48/47 397/1351/47 394/1352/47 398/1353/47
f 398/1353/1 394/1352/1 396/1354/1 399/1355/1
f 396/1354/4 395/1356/4 92/1343/4 700/1357/4 646/1358/4 649/1359/4 393/1360/4 399/1355/4
f 88/1342/24 92/1343/24 395/1356/24 397/1361/24
f 645/1362/2 700/1357/2 92/1343/2 88/46/2
f 336/1363/239 580/1364/239 586/1365/239 321/1366/239
f 323/1367/216 583/1368/216 597/1369/216 333/1370/216
f 333/1370/217 597/1369/217 596/1371/217 327/1372/217
f 327/1372/218 596/1371/218 590/1373/218 331/1374/218
f 331/1374/219 590/1373/219 602/1375/219 329/1376/219
f 329/1376/220 602/1375/220 603/1377/220 328/1378/220
f 328/1378/221 603/1377/221 604/1379/221 330/1380/221
f 330/1380/222 604/1379/222 605/1381/222 332/1382/222
f 332/1382/223 605/1381/223 607/1383/223 326/1384/223
f 326/1384/224 607/1383/224 606/1385/224 334/1386/224
f 334/1386/225 606/1385/225 588/1387/225 322/1388/225
f 322/1388/226 588/1387/226 598/1389/226 324/1390/226
f 324/1390/227 598/1389/227 599/1391/227 320/1392/227
f 320/1392/228 599/1391/228 601/1393/228 335/1394/228
f 335/1394/229 601/1393/229 587/1395/229 315/1396/229
f 315/1396/230 587/1395/230 589/1397/230 317/1398/230
f 317/1398/231 589/1397/231 600/1399/231 311/1400/231
f 306/1401/235 592/1402/235 591/1403/235 308/1404/235
f 313/1405/237 312/1406/237 608/1407/237 585/1408/237 318/1409/237
f 610/1410/240 608/1407/240 312/1406/240 310/1411/240
f 611/1412/246 595/1413/246 305/1414/246 309/1415/246
f 593/1416/245 609/1417/245 307/1418/245 319/1419/245
f 594/1420/232 592/1402/232 306/1401/232 304/1421/232
f 584/1422/244 583/1368/244 323/1367/244 325/1423/244
f 581/1424/243 580/1425/243 336/1426/243 314/1427/243
f 595/1413/233 594/1420/233 304/1421/233 305/1414/233
f 600/1399/236 593/1416/236 319/1419/236 311/1400/236
f 591/1403/238 610/1410/238 310/1411/238 308/1404/238
f 582/1428/234 581/1424/234 314/1427/234 316/1429/234
f 586/1365/242 584/1422/242 325/1423/242 321/1366/242
f 585/1408/241 582/1428/241 316/1429/241 318/1409/241
f 609/1417/247 611/1412/247 309/1415/247 307/1418/247
o Lid
v 0.002659 0.000988 -0.037924
v 0.002835 0.000988 -0.037907
v 0.003004 0.000988 -0.037855
v 0.003159 0.000988 -0.037772
v 0.003296 0.000988 -0.037660
v 0.003408 0.000988 -0.037524
v 0.003491 0.000988 -0.037368
v 0.003542 0.000988 -0.037199
v 0.003559 0.000988 -0.037024
v 0.003542 0.000988 -0.036848
v 0.003491 0.000988 -0.036679
v 0.003408 0.000988 -0.036524
v 0.003296 0.000988 -0.036387
v 0.003159 0.000988 -0.036275
v 0.003004 0.000988 -0.036192
v 0.002835 0.000988 -0.036141
v 0.002659 0.000988 -0.036123
v 0.002484 0.000988 -0.036141
v 0.002315 0.000988 -0.036192
v 0.002159 0.000988 -0.036275
v 0.002023 0.000988 -0.036387
v 0.001911 0.000988 -0.036524
v 0.001828 0.000988 -0.036679
v 0.001777 0.000988 -0.036848
v 0.001760 0.000988 -0.037024
v 0.001777 0.000988 -0.037199
v 0.001828 0.000988 -0.037368
v 0.001911 0.000988 -0.037524
v 0.002023 0.000988 -0.037660
v 0.002159 0.000988 -0.037772
v 0.002315 0.000988 -0.037855
v 0.002484 0.000988 -0.037907
v 0.049939 0.001144 -0.038412
v 0.050164 0.001144 -0.038390
v 0.050379 0.001144 -0.038325
v 0.050578 0.001144 -0.038218
v 0.050752 0.001144 -0.038075
v 0.050895 0.001144 -0.037901
v 0.051002 0.001144 -0.037702
v 0.051067 0.001144 -0.037486
v 0.051089 0.001144 -0.037262
v 0.051067 0.001144 -0.037038
v 0.051002 0.001144 -0.036822
v 0.050895 0.001144 -0.036623
v 0.050752 0.001144 -0.036449
v 0.050578 0.001144 -0.036306
v 0.050379 0.001144 -0.036199
v 0.050164 0.001144 -0.036134
v 0.049939 0.001144 -0.036112
v 0.049715 0.001144 -0.036134
v 0.049499 0.001144 -0.036199
v 0.049300 0.001144 -0.036306
v 0.049126 0.001144 -0.036449
v 0.048983 0.001144 -0.036623
v 0.048877 0.001144 -0.036822
v 0.048811 0.001144 -0.037038
v 0.048789 0.001144 -0.037262
v 0.048811 0.001144 -0.037486
v 0.048877 0.001144 -0.037702
v 0.048983 0.001144 -0.037901
v 0.049126 0.001144 -0.038075
v 0.049300 0.001144 -0.038218
v 0.049499 0.001144 -0.038325
v 0.049715 0.001144 -0.038390
v 0.029212 0.001134 -0.012194
v 0.029387 0.001134 -0.012177
v 0.029556 0.001134 -0.012126
v 0.029712 0.001134 -0.012043
v 0.029848 0.001134 -0.011931
v 0.029960 0.001134 -0.011794
v 0.030043 0.001134 -0.011638
v 0.030094 0.001134 -0.011470
v 0.030112 0.001134 -0.011294
v 0.030094 0.001134 -0.011118
v 0.030043 0.001134 -0.010949
v 0.029960 0.001134 -0.010794
v 0.029848 0.001134 -0.010657
v 0.029712 0.001134 -0.010545
v 0.029556 0.001134 -0.010462
v 0.029387 0.001134 -0.010411
v 0.029212 0.001134 -0.010394
v 0.029036 0.001134 -0.010411
v 0.028867 0.001134 -0.010462
v 0.028712 0.001134 -0.010545
v 0.028575 0.001134 -0.010657
v 0.028463 0.001134 -0.010794
v 0.028380 0.001134 -0.010949
v 0.028329 0.001134 -0.011118
v 0.028312 0.001134 -0.011294
v 0.028329 0.001134 -0.011470
v 0.028380 0.001134 -0.011638
v 0.028463 0.001134 -0.011794
v 0.028575 0.001134 -0.011931
v 0.028712 0.001134 -0.012043
v 0.028867 0.001134 -0.012126
v 0.029036 0.001134 -0.012177
v 0.003043 0.001131 -0.043692
v -0.004703 0.001131 -0.038071
v 0.001941 0.001131 -0.043635
v 0.000861 0.001131 -0.043465
v -0.000175 0.001131 -0.043184
v -0.001145 0.001131 -0.042800
v -0.002029 0.001131 -0.042319
v -0.002811 0.001131 -0.041752
v -0.003473 0.001131 -0.041110
v -0.004003 0.001131 -0.040406
v -0.004389 0.001131 -0.039654
v -0.004624 0.001131 -0.038871
v -0.004703 -0.001131 -0.038071
v 0.003043 -0.001131 -0.043692
v -0.004624 -0.001131 -0.038871
v -0.004389 -0.001131 -0.039654
v -0.004003 -0.001131 -0.040406
v -0.003473 -0.001131 -0.041110
v -0.002811 -0.001131 -0.041752
v -0.002029 -0.001131 -0.042319
v -0.001145 -0.001131 -0.042800
v -0.000175 -0.001131 -0.043184
v 0.000861 -0.001131 -0.043465
v 0.001941 -0.001131 -0.043635
v 0.049552 0.001131 0.001308
v 0.057297 0.001131 -0.004314
v 0.050654 0.001131 0.001250
v 0.051734 0.001131 0.001080
v 0.052769 0.001131 0.000799
v 0.053739 0.001131 0.000415
v 0.054624 0.001131 -0.000066
v 0.055405 0.001131 -0.000633
v 0.056068 0.001131 -0.001275
v 0.056597 0.001131 -0.001979
v 0.056984 0.001131 -0.002730
v 0.057218 0.001131 -0.003514
v 0.057297 -0.001131 -0.004314
v 0.049552 -0.001131 0.001308
v 0.057218 -0.001131 -0.003514
v 0.056984 -0.001131 -0.002730
v 0.056597 -0.001131 -0.001979
v 0.056068 -0.001131 -0.001275
v 0.055405 -0.001131 -0.000633
v 0.054624 -0.001131 -0.000066
v 0.053739 -0.001131 0.000415
v 0.052769 -0.001131 0.000799
v 0.051734 -0.001131 0.001080
v 0.050654 -0.001131 0.001250
v -0.004703 0.001131 -0.004508
v 0.003310 0.001131 0.001308
v -0.004621 0.001131 -0.003681
v -0.004378 0.001131 -0.002870
v -0.003979 0.001131 -0.002092
v -0.003431 0.001131 -0.001364
v -0.002746 0.001131 -0.000700
v -0.001937 0.001131 -0.000113
v -0.001022 0.001131 0.000384
v -0.000019 0.001131 0.000782
v 0.001053 0.001131 0.001072
v 0.002170 0.001131 0.001248
v 0.003310 -0.001131 0.001308
v -0.004703 -0.001131 -0.004508
v 0.002170 -0.001131 0.001248
v 0.001053 -0.001131 0.001072
v -0.000019 -0.001131 0.000782
v -0.001022 -0.001131 0.000384
v -0.001937 -0.001131 -0.000113
v -0.002746 -0.001131 -0.000700
v -0.003431 -0.001131 -0.001364
v -0.003979 -0.001131 -0.002092
v -0.004378 -0.001131 -0.002870
v -0.004621 -0.001131 -0.003681
v 0.057297 0.001131 -0.037877
v 0.049284 0.001131 -0.043692
v 0.057216 0.001131 -0.038704
v 0.056973 0.001131 -0.039515
v 0.056573 0.001131 -0.040293
v 0.056025 0.001131 -0.041021
v 0.055340 0.001131 -0.041685
v 0.054532 0.001131 -0.042272
v 0.053617 0.001131 -0.042769
v 0.052613 0.001131 -0.043167
v 0.051542 0.001131 -0.043457
v 0.050425 0.001131 -0.043633
v 0.049284 -0.001131 -0.043692
v 0.057297 -0.001131 -0.037877
v 0.050425 -0.001131 -0.043633
v 0.051542 -0.001131 -0.043457
v 0.052613 -0.001131 -0.043167
v 0.053617 -0.001131 -0.042769
v 0.054532 -0.001131 -0.042272
v 0.055340 -0.001131 -0.041685
v 0.056025 -0.001131 -0.041021
v 0.056573 -0.001131 -0.040293
v 0.056973 -0.001131 -0.039515
v 0.057216 -0.001131 -0.038704
v 0.002661 0.001003 -0.040034
v 0.002661 0.004869 -0.040034
v 0.003246 0.001003 -0.039977
v 0.003246 0.004869 -0.039977
v 0.003809 0.001003 -0.039806
v 0.003809 0.004869 -0.039806
v 0.004327 0.001003 -0.039529
v 0.004327 0.004869 -0.039529
v 0.004782 0.001003 -0.039155
v 0.004782 0.004869 -0.039155
v 0.005155 0.001003 -0.038701
v 0.005155 0.004869 -0.038701
v 0.005432 0.001003 -0.038182
v 0.005432 0.004869 -0.038182
v 0.005603 0.001003 -0.037619
v 0.005603 0.004869 -0.037619
v 0.005661 0.001003 -0.037034
v 0.005661 0.004869 -0.037034
v 0.005603 0.001003 -0.036448
v 0.005603 0.004869 -0.036448
v 0.005432 0.001003 -0.035885
v 0.005432 0.004869 -0.035885
v 0.005155 0.001003 -0.035366
v 0.005155 0.004869 -0.035366
v 0.004782 0.001003 -0.034912
v 0.004782 0.004869 -0.034912
v 0.004327 0.001003 -0.034538
v 0.004327 0.004869 -0.034538
v 0.003809 0.001003 -0.034261
v 0.003809 0.004869 -0.034261
v 0.003246 0.001003 -0.034090
v 0.003246 0.004869 -0.034090
v 0.002661 0.001003 -0.034033
v 0.002661 0.004869 -0.034033
v 0.002075 0.001003 -0.034090
v 0.002075 0.004869 -0.034090
v 0.001513 0.001003 -0.034261
v 0.001513 0.004869 -0.034261
v 0.000994 0.001003 -0.034538
v 0.000994 0.004869 -0.034538
v 0.000539 0.001003 -0.034912
v 0.000539 0.004869 -0.034912
v 0.000166 0.001003 -0.035366
v 0.000166 0.004869 -0.035366
v -0.000111 0.001003 -0.035885
v -0.000111 0.004869 -0.035885
v -0.000282 0.001003 -0.036448
v -0.000282 0.004869 -0.036448
v -0.000339 0.001003 -0.037034
v -0.000339 0.004869 -0.037034
v -0.000282 0.001003 -0.037619
v -0.000282 0.004869 -0.037619
v -0.000111 0.001003 -0.038182
v -0.000111 0.004869 -0.038182
v 0.000166 0.001003 -0.038701
v 0.000166 0.004869 -0.038701
v 0.000539 0.001003 -0.039155
v 0.000539 0.004869 -0.039155
v 0.000994 0.001003 -0.039529
v 0.000994 0.004869 -0.039529
v 0.001513 0.001003 -0.039806
v 0.001513 0.004869 -0.039806
v 0.002075 0.001003 -0.039977
v 0.002075 0.004869 -0.039977
v 0.029212 0.001038 -0.014295
v 0.029212 0.004809 -0.014295
v 0.029797 0.001038 -0.014237
v 0.029797 0.004809 -0.014237
v 0.030360 0.001038 -0.014066
v 0.030360 0.004809 -0.014066
v 0.030878 0.001038 -0.013789
v 0.030878 0.004809 -0.013789
v 0.031333 0.001038 -0.013416
v 0.031333 0.004809 -0.013416
v 0.031706 0.001038 -0.012961
v 0.031706 0.004809 -0.012961
v 0.031983 0.001038 -0.012442
v 0.031983 0.004809 -0.012442
v 0.032154 0.001038 -0.011879
v 0.032154 0.004809 -0.011879
v 0.032212 0.001038 -0.011294
v 0.032212 0.004809 -0.011294
v 0.032154 0.001038 -0.010709
v 0.032154 0.004809 -0.010709
v 0.031983 0.001038 -0.010146
v 0.031983 0.004809 -0.010146
v 0.031706 0.001038 -0.009627
v 0.031706 0.004809 -0.009627
v 0.031333 0.001038 -0.009172
v 0.031333 0.004809 -0.009172
v 0.030878 0.001038 -0.008799
v 0.030878 0.004809 -0.008799
v 0.030360 0.001038 -0.008522
v 0.030360 0.004809 -0.008522
v 0.029797 0.001038 -0.008351
v 0.029797 0.004809 -0.008351
v 0.029212 0.001038 -0.008293
v 0.029212 0.004809 -0.008293
v 0.028626 0.001038 -0.008351
v 0.028626 0.004809 -0.008351
v 0.028064 0.001038 -0.008522
v 0.028064 0.004809 -0.008522
v 0.027545 0.001038 -0.008799
v 0.027545 0.004809 -0.008799
v 0.027090 0.001038 -0.009172
v 0.027090 0.004809 -0.009172
v 0.026717 0.001038 -0.009627
v 0.026717 0.004809 -0.009627
v 0.026440 0.001038 -0.010146
v 0.026440 0.004809 -0.010146
v 0.026269 0.001038 -0.010709
v 0.026269 0.004809 -0.010709
v 0.026212 0.001038 -0.011294
v 0.026212 0.004809 -0.011294
v 0.026269 0.001038 -0.011879
v 0.026269 0.004809 -0.011879
v 0.026440 0.001038 -0.012442
v 0.026440 0.004809 -0.012442
v 0.026717 0.001038 -0.012961
v 0.026717 0.004809 -0.012961
v 0.027090 0.001038 -0.013416
v 0.027090 0.004809 -0.013416
v 0.027545 0.001038 -0.013789
v 0.027545 0.004809 -0.013789
v 0.028064 0.001038 -0.014066
v 0.028064 0.004809 -0.014066
v 0.028626 0.001038 -0.014237
v 0.028626 0.004809 -0.014237
v 0.049939 0.001055 -0.040263
v 0.049939 0.004826 -0.040263
v 0.050524 0.001055 -0.040205
v 0.050524 0.004826 -0.040205
v 0.051087 0.001055 -0.040034
v 0.051087 0.004826 -0.040034
v 0.051606 0.001055 -0.039757
v 0.051606 0.004826 -0.039757
v 0.052061 0.001055 -0.039384
v 0.052061 0.004826 -0.039384
v 0.052434 0.001055 -0.038929
v 0.052434 0.004826 -0.038929
v 0.052711 0.001055 -0.038410
v 0.052711 0.004826 -0.038410
v 0.052882 0.001055 -0.037847
v 0.052882 0.004826 -0.037847
v 0.052939 0.001055 -0.037262
v 0.052939 0.004826 -0.037262
v 0.052882 0.001055 -0.036677
v 0.052882 0.004826 -0.036677
v 0.052711 0.001055 -0.036114
v 0.052711 0.004826 -0.036114
v 0.052434 0.001055 -0.035595
v 0.052434 0.004826 -0.035595
v 0.052061 0.001055 -0.035140
v 0.052061 0.004826 -0.035140
v 0.051606 0.001055 -0.034767
v 0.051606 0.004826 -0.034767
v 0.051087 0.001055 -0.034490
v 0.051087 0.004826 -0.034490
v 0.050524 0.001055 -0.034319
v 0.050524 0.004826 -0.034319
v 0.049939 0.001055 -0.034261
v 0.049939 0.004826 -0.034261
v 0.049354 0.001055 -0.034319
v 0.049354 0.004826 -0.034319
v 0.048791 0.001055 -0.034490
v 0.048791 0.004826 -0.034490
v 0.048273 0.001055 -0.034767
v 0.048273 0.004826 -0.034767
v 0.047818 0.001055 -0.035140
v 0.047818 0.004826 -0.035140
v 0.047445 0.001055 -0.035595
v 0.047445 0.004826 -0.035595
v 0.047168 0.001055 -0.036114
v 0.047168 0.004826 -0.036114
v 0.046997 0.001055 -0.036677
v 0.046997 0.004826 -0.036677
v 0.046939 0.001055 -0.037262
v 0.046939 0.004826 -0.037262
v 0.046997 0.001055 -0.037847
v 0.046997 0.004826 -0.037847
v 0.047168 0.001055 -0.038410
v 0.047168 0.004826 -0.038410
v 0.047445 0.001055 -0.038929
v 0.047445 0.004826 -0.038929
v 0.047818 0.001055 -0.039384
v 0.047818 0.004826 -0.039384
v 0.048273 0.001055 -0.039757
v 0.048273 0.004826 -0.039757
v 0.048791 0.001055 -0.040034
v 0.048791 0.004826 -0.040034
v 0.049354 0.001055 -0.040205
v 0.049354 0.004826 -0.040205
v 0.028329 0.004809 -0.011470
v 0.028380 0.004809 -0.011638
v 0.029712 0.004809 -0.012043
v 0.029556 0.004809 -0.012126
v 0.028312 0.004809 -0.011294
v 0.029387 0.004809 -0.012177
v 0.029960 0.004809 -0.011794
v 0.029848 0.004809 -0.011931
v 0.029848 0.004809 -0.010657
v 0.029712 0.004809 -0.010545
v 0.030043 0.004809 -0.011638
v 0.029036 0.004809 -0.010411
v 0.028329 0.004809 -0.011118
v 0.028712 0.004809 -0.012043
v 0.028867 0.004809 -0.010462
v 0.030043 0.004809 -0.010949
v 0.030094 0.004809 -0.011118
v 0.029960 0.004809 -0.010794
v 0.030112 0.004809 -0.011294
v 0.028463 0.004809 -0.011794
v 0.028575 0.004809 -0.011931
v 0.028867 0.004809 -0.012126
v 0.029212 0.004809 -0.012194
v 0.029387 0.004809 -0.010411
v 0.030094 0.004809 -0.011470
v 0.029556 0.004809 -0.010462
v 0.028463 0.004809 -0.010794
v 0.028575 0.004809 -0.010657
v 0.028380 0.004809 -0.010949
v 0.028712 0.004809 -0.010545
v 0.029212 0.004809 -0.010394
v 0.029036 0.004809 -0.012177
v 0.048811 0.004826 -0.037486
v 0.048877 0.004826 -0.037702
v 0.050578 0.004826 -0.038218
v 0.050379 0.004826 -0.038325
v 0.048789 0.004826 -0.037262
v 0.050164 0.004826 -0.038390
v 0.050895 0.004826 -0.037901
v 0.050752 0.004826 -0.038075
v 0.050752 0.004826 -0.036449
v 0.050578 0.004826 -0.036306
v 0.051002 0.004826 -0.037702
v 0.049715 0.004826 -0.036134
v 0.048811 0.004826 -0.037038
v 0.049300 0.004826 -0.038218
v 0.049499 0.004826 -0.036199
v 0.051002 0.004826 -0.036822
v 0.051067 0.004826 -0.037038
v 0.050895 0.004826 -0.036623
v 0.051089 0.004826 -0.037262
v 0.048983 0.004826 -0.037901
v 0.049126 0.004826 -0.038075
v 0.049499 0.004826 -0.038325
v 0.049939 0.004826 -0.038412
v 0.050164 0.004826 -0.036134
v 0.051067 0.004826 -0.037486
v 0.050379 0.004826 -0.036199
v 0.048983 0.004826 -0.036623
v 0.049126 0.004826 -0.036449
v 0.048877 0.004826 -0.036822
v 0.049300 0.004826 -0.036306
v 0.049939 0.004826 -0.036112
v 0.049715 0.004826 -0.038390
v 0.001777 0.001003 -0.037199
v 0.001777 0.001131 -0.037199
v 0.001777 0.004869 -0.037199
v 0.001828 0.001003 -0.037368
v 0.001828 0.001131 -0.037368
v 0.001828 0.004869 -0.037368
v 0.003159 0.001003 -0.037772
v 0.003159 0.001131 -0.037772
v 0.003159 0.004869 -0.037772
v 0.003004 0.001003 -0.037855
v 0.003004 0.001131 -0.037855
v 0.003004 0.004869 -0.037855
v 0.001760 0.001003 -0.037024
v 0.001760 0.001131 -0.037024
v 0.001760 0.004869 -0.037024
v 0.002835 0.001003 -0.037907
v 0.002835 0.001131 -0.037907
v 0.002835 0.004869 -0.037907
v 0.003408 0.001003 -0.037524
v 0.003408 0.001131 -0.037524
v 0.003408 0.004869 -0.037524
v 0.003296 0.001003 -0.037660
v 0.003296 0.001131 -0.037660
v 0.003296 0.004869 -0.037660
v 0.003296 0.001003 -0.036387
v 0.003296 0.001131 -0.036387
v 0.003296 0.004869 -0.036387
v 0.003159 0.001003 -0.036275
v 0.003159 0.001131 -0.036275
v 0.003159 0.004869 -0.036275
v 0.003491 0.001003 -0.037368
v 0.003491 0.001131 -0.037368
v 0.003491 0.004869 -0.037368
v 0.002484 0.001003 -0.036141
v 0.002484 0.001131 -0.036141
v 0.002484 0.004869 -0.036141
v 0.001777 0.001003 -0.036848
v 0.001777 0.001131 -0.036848
v 0.001777 0.004869 -0.036848
v 0.002159 0.001003 -0.037772
v 0.002159 0.001131 -0.037772
v 0.002159 0.004869 -0.037772
v 0.002315 0.001003 -0.036192
v 0.002315 0.001131 -0.036192
v 0.002315 0.004869 -0.036192
v 0.003491 0.001003 -0.036679
v 0.003491 0.001131 -0.036679
v 0.003491 0.004869 -0.036679
v 0.003542 0.001003 -0.036848
v 0.003542 0.001131 -0.036848
v 0.003542 0.004869 -0.036848
v 0.003408 0.001003 -0.036524
v 0.003408 0.001131 -0.036524
v 0.003408 0.004869 -0.036524
v 0.003559 0.001003 -0.037024
v 0.003559 0.001131 -0.037024
v 0.003559 0.004869 -0.037024
v 0.001911 0.001003 -0.037524
v 0.001911 0.001131 -0.037524
v 0.001911 0.004869 -0.037524
v 0.002023 0.001003 -0.037660
v 0.002023 0.001131 -0.037660
v 0.002023 0.004869 -0.037660
v 0.002315 0.001003 -0.037855
v 0.002315 0.001131 -0.037855
v 0.002315 0.004869 -0.037855
v 0.002659 0.001003 -0.037924
v 0.002659 0.001131 -0.037924
v 0.002659 0.004869 -0.037924
v 0.002835 0.001003 -0.036141
v 0.002835 0.001131 -0.036141
v 0.002835 0.004869 -0.036141
v 0.003542 0.001003 -0.037199
v 0.003542 0.001131 -0.037199
v 0.003542 0.004869 -0.037199
v 0.003004 0.001003 -0.036192
v 0.003004 0.001131 -0.036192
v 0.003004 0.004869 -0.036192
v 0.001911 0.001003 -0.036524
v 0.001911 0.001131 -0.036524
v 0.001911 0.004869 -0.036524
v 0.002023 0.001003 -0.036387
v 0.002023 0.001131 -0.036387
v 0.002023 0.004869 -0.036387
v 0.001828 0.001003 -0.036679
v 0.001828 0.001131 -0.036679
v 0.001828 0.004869 -0.036679
v 0.002159 0.001003 -0.036275
v 0.002159 0.001131 -0.036275
v 0.002159 0.004869 -0.036275
v 0.002659 0.001003 -0.036123
v 0.002659 0.001131 -0.036123
v 0.002659 0.004869 -0.036123
v 0.002484 0.001003 -0.037907
v 0.002484 0.001131 -0.037907
v 0.002484 0.004869 -0.037907
vn 0.0980 -0.0002 -0.9952
vn 0.2903 0.0001 -0.9569
vn 0.4715 0.0001 -0.8819
vn 0.6345 0.0001 -0.7729
vn 0.7731 -0.0000 -0.6343
vn 0.8820 -0.0001 -0.4713
vn 0.9570 -0.0000 -0.2902
vn 0.9952 -0.0000 -0.0980
vn 0.9952 -0.0000 0.0980
vn 0.9570 -0.0000 0.2902
vn 0.8820 -0.0001 0.4713
vn 0.7731 -0.0000 0.6343
vn 0.6345 -0.0000 0.7729
vn 0.4715 -0.0000 0.8819
vn 0.2904 -0.0000 0.9569
vn 0.0980 -0.0000 0.9952
vn -0.0980 -0.0000 0.9952
vn -0.2904 -0.0000 0.9569
vn -0.4715 -0.0000 0.8819
vn -0.6345 -0.0000 0.7729
vn -0.7731 -0.0000 0.6343
vn -0.8820 0.0001 0.4713
vn -0.9570 0.0001 0.2902
vn -0.9952 0.0001 0.0980
vn -0.9952 0.0001 -0.0980
vn -0.9570 0.0001 -0.2902
vn -0.8820 0.0001 -0.4713
vn -0.7731 -0.0000 -0.6343
vn -0.6345 0.0001 -0.7729
vn -0.4715 0.0001 -0.8819
vn -0.2903 0.0001 -0.9569
vn -0.0981 0.0001 -0.9952
vn -0.0000 -1.0000 -0.0000
vn -0.8820 -0.0000 0.4713
vn -0.9570 -0.0000 0.2902
vn -0.9952 -0.0000 0.0980
vn -0.9952 -0.0000 -0.0980
vn -0.9570 -0.0000 -0.2902
vn -0.8820 -0.0000 -0.4713
vn -0.6345 -0.0000 -0.7729
vn -0.4715 -0.0000 -0.8819
vn -0.2904 -0.0000 -0.9569
vn -0.0981 -0.0000 -0.9952
vn 0.0981 -0.0000 -0.9952
vn 0.2904 -0.0000 -0.9569
vn 0.4715 -0.0000 -0.8819
vn 0.6345 -0.0000 -0.7729
vn 0.8820 -0.0000 -0.4713
vn 0.8820 -0.0000 0.4713
vn -0.0000 1.0000 -0.0000
vn -0.0000 -0.0000 1.0000
vn -0.0000 -0.0000 -1.0000
vn 1.0000 -0.0000 -0.0000
vn -0.0518 -0.0000 -0.9987
vn -0.1560 -0.0000 -0.9878
vn -0.2613 -0.0000 -0.9653
vn -0.3684 -0.0000 -0.9297
vn -0.4774 -0.0000 -0.8787
vn -0.5874 -0.0000 -0.8093
vn -0.6961 -0.0000 -0.7179
vn -0.7991 -0.0000 -0.6012
vn -0.8894 -0.0000 -0.4571
vn -0.9579 -0.0000 -0.2871
vn -0.9952 -0.0000 -0.0981
vn 0.0518 -0.0000 0.9987
vn 0.1560 -0.0000 0.9878
vn 0.2613 -0.0000 0.9653
vn 0.3684 -0.0000 0.9297
vn 0.4774 -0.0000 0.8787
vn 0.5874 -0.0000 0.8093
vn 0.6961 -0.0000 0.7179
vn 0.7991 -0.0000 0.6012
vn 0.8894 -0.0000 0.4571
vn 0.9579 -0.0000 0.2871
vn 0.9952 -0.0000 0.0981
vn -0.0518 -0.0000 0.9987
vn -0.1560 -0.0000 0.9878
vn -0.2613 -0.0000 0.9653
vn -0.3684 -0.0000 0.9297
vn -0.4774 -0.0000 0.8787
vn -0.5874 -0.0000 0.8093
vn -0.6961 -0.0000 0.7179
vn -0.7991 -0.0000 0.6012
vn -0.8894 -0.0000 0.4571
vn -0.9579 -0.0000 0.2871
vn -0.9952 -0.0000 0.0981
vn 0.0518 -0.0000 -0.9987
vn 0.1560 -0.0000 -0.9878
vn 0.2613 -0.0000 -0.9653
vn 0.3684 -0.0000 -0.9297
vn 0.4774 -0.0000 -0.8787
vn 0.5874 -0.0000 -0.8093
vn 0.6961 -0.0000 -0.7179
vn 0.7991 -0.0000 -0.6012
vn 0.8894 -0.0000 -0.4571
vn 0.9579 -0.0000 -0.2871
vn 0.9952 -0.0000 -0.0981
vn -1.0000 -0.0000 -0.0000
vn 0.0980 -0.0000 -0.9952
vn -0.0980 -0.0000 -0.9952
vt 1.000000 0.500000
vt 1.000000 0.500498
vt 0.968750 0.500498
vt 0.968750 0.500000
vt 0.937500 0.500498
vt 0.937500 0.500000
vt 0.906250 0.500498
vt 0.906250 0.500000
vt 0.875000 0.500498
vt 0.875000 0.500000
vt 0.843750 0.500498
vt 0.843750 0.500000
vt 0.812500 0.500498
vt 0.812500 0.500000
vt 0.781250 0.500498
vt 0.781250 0.500000
vt 0.750000 0.500498
vt 0.750000 0.500000
vt 0.718750 0.500498
vt 0.718750 0.500000
vt 0.687500 0.500498
vt 0.687500 0.500000
vt 0.656250 0.500498
vt 0.656250 0.500000
vt 0.625000 0.500498
vt 0.625000 0.500000
vt 0.593750 0.500498
vt 0.593750 0.500000
vt 0.562500 0.500498
vt 0.562500 0.500000
vt 0.531250 0.500498
vt 0.531250 0.500000
vt 0.500000 0.500498
vt 0.500000 0.500000
vt 0.468750 0.500498
vt 0.468750 0.500000
vt 0.437500 0.500498
vt 0.437500 0.500000
vt 0.406250 0.500498
vt 0.406250 0.500000
vt 0.375000 0.500498
vt 0.375000 0.500000
vt 0.343750 0.500498
vt 0.343750 0.500000
vt 0.312500 0.500498
vt 0.312500 0.500000
vt 0.281250 0.500498
vt 0.281250 0.500000
vt 0.250000 0.500498
vt 0.250000 0.500000
vt 0.218750 0.500498
vt 0.218750 0.500000
vt 0.187500 0.500498
vt 0.187500 0.500000
vt 0.156250 0.500498
vt 0.156250 0.500000
vt 0.125000 0.500498
vt 0.125000 0.500000
vt 0.093750 0.500498
vt 0.093750 0.500000
vt 0.062500 0.500498
vt 0.062500 0.500000
vt 0.031250 0.500498
vt 0.031250 0.500000
vt 0.000000 0.500498
vt 0.000000 0.500000
vt 0.750000 0.490000
vt 0.796822 0.485388
vt 0.841844 0.471731
vt 0.883337 0.449553
vt 0.919706 0.419706
vt 0.949553 0.383337
vt 0.971731 0.341844
vt 0.985388 0.296822
vt 0.990000 0.250000
vt 0.985388 0.203178
vt 0.971731 0.158156
vt 0.949553 0.116663
vt 0.919706 0.080294
vt 0.883337 0.050447
vt 0.841844 0.028269
vt 0.796822 0.014612
vt 0.750000 0.010000
vt 0.703178 0.014612
vt 0.658156 0.028269
vt 0.616663 0.050447
vt 0.580294 0.080294
vt 0.550447 0.116663
vt 0.528269 0.158156
vt 0.514612 0.203178
vt 0.510000 0.250000
vt 0.514612 0.296822
vt 0.528269 0.341844
vt 0.550447 0.383337
vt 0.580294 0.419706
vt 0.616663 0.449553
vt 0.658156 0.471731
vt 0.703178 0.485388
vt 0.968750 0.600049
vt 1.000000 0.600049
vt 0.937500 0.600049
vt 0.906250 0.600049
vt 0.875000 0.600049
vt 0.843750 0.600049
vt 0.812500 0.600049
vt 0.781250 0.600049
vt 0.750000 0.600049
vt 0.718750 0.600049
vt 0.687500 0.600049
vt 0.656250 0.600049
vt 0.625000 0.600049
vt 0.593750 0.600049
vt 0.562500 0.600049
vt 0.531250 0.600049
vt 0.500000 0.600049
vt 0.468750 0.600049
vt 0.437500 0.600049
vt 0.406250 0.600049
vt 0.375000 0.600049
vt 0.343750 0.600049
vt 0.312500 0.600049
vt 0.281250 0.600049
vt 0.250000 0.600049
vt 0.218750 0.600049
vt 0.187500 0.600049
vt 0.156250 0.600049
vt 0.125000 0.600049
vt 0.093750 0.600049
vt 0.062500 0.600049
vt 0.031250 0.600049
vt 0.000000 0.600049
vt 0.968750 0.599854
vt 1.000000 0.599854
vt 0.937500 0.599854
vt 0.906250 0.599854
vt 0.875000 0.599854
vt 0.843750 0.599854
vt 0.812500 0.599854
vt 0.781250 0.599854
vt 0.750000 0.599854
vt 0.718750 0.599854
vt 0.687500 0.599854
vt 0.656250 0.599854
vt 0.625000 0.599854
vt 0.593750 0.599854
vt 0.562500 0.599854
vt 0.531250 0.599854
vt 0.500000 0.599854
vt 0.468750 0.599854
vt 0.437500 0.599854
vt 0.406250 0.599854
vt 0.375000 0.599854
vt 0.343750 0.599854
vt 0.312500 0.599854
vt 0.281250 0.599854
vt 0.250000 0.599854
vt 0.218750 0.599854
vt 0.187500 0.599854
vt 0.156250 0.599854
vt 0.125000 0.599854
vt 0.093750 0.599854
vt 0.062500 0.599854
vt 0.031250 0.599854
vt 0.000000 0.599854
vt 0.375000 0.781232
vt 0.375318 0.776788
vt 0.376265 0.772433
vt 0.377822 0.768258
vt 0.379958 0.764347
vt 0.382629 0.760780
vt 0.385780 0.757629
vt 0.389347 0.754958
vt 0.393258 0.752822
vt 0.397433 0.751265
vt 0.401788 0.750318
vt 0.406232 0.750000
vt 0.592690 0.750000
vt 0.587951 0.966685
vt 0.586976 0.966755
vt 0.586037 0.966961
vt 0.585173 0.967296
vt 0.584415 0.967748
vt 0.583793 0.968298
vt 0.583331 0.968925
vt 0.583046 0.969606
vt 0.582950 0.970314
vt 0.583046 0.971022
vt 0.583331 0.971702
vt 0.583793 0.972330
vt 0.584415 0.972880
vt 0.585173 0.973331
vt 0.586038 0.973666
vt 0.586976 0.973873
vt 0.587951 0.973943
vt 0.593768 1.000000
vt 0.407310 1.000000
vt 0.402712 0.999671
vt 0.398207 0.998691
vt 0.393888 0.997080
vt 0.389842 0.994871
vt 0.386151 0.992108
vt 0.382892 0.988849
vt 0.380129 0.985158
vt 0.377920 0.981112
vt 0.376309 0.976793
vt 0.375329 0.972288
vt 0.375000 0.967690
vt 0.157310 0.500000
vt 0.343768 0.500000
vt 0.343768 0.750000
vt 0.157310 0.750000
vt 0.657310 0.500000
vt 0.843768 0.500000
vt 0.843768 0.750000
vt 0.657310 0.750000
vt 0.406232 0.500000
vt 0.592690 0.500000
vt 0.848212 0.500000
vt 0.848212 0.750000
vt 0.852567 0.500000
vt 0.852567 0.750000
vt 0.856742 0.500000
vt 0.856742 0.750000
vt 0.860653 0.500000
vt 0.860653 0.750000
vt 0.875000 0.750000
vt 0.625000 0.000000
vt 0.625000 0.250000
vt 0.614220 0.250000
vt 0.614220 0.000000
vt 0.610653 0.250000
vt 0.610653 0.000000
vt 0.606742 0.250000
vt 0.606742 0.000000
vt 0.602567 0.250000
vt 0.602567 0.000000
vt 0.598212 0.250000
vt 0.598212 0.000000
vt 0.593768 0.250000
vt 0.593768 0.000000
vt 0.348212 0.500000
vt 0.348212 0.750000
vt 0.352567 0.500000
vt 0.352567 0.750000
vt 0.356742 0.500000
vt 0.356742 0.750000
vt 0.360653 0.500000
vt 0.360653 0.750000
vt 0.364220 0.500000
vt 0.364220 0.750000
vt 0.385780 0.500000
vt 0.385780 0.750000
vt 0.389347 0.500000
vt 0.389347 0.750000
vt 0.393258 0.500000
vt 0.393258 0.750000
vt 0.397433 0.500000
vt 0.397433 0.750000
vt 0.401788 0.500000
vt 0.401788 0.750000
vt 0.375000 0.282310
vt 0.375329 0.277712
vt 0.376309 0.273207
vt 0.377920 0.268888
vt 0.380129 0.264842
vt 0.382892 0.261151
vt 0.386151 0.257892
vt 0.389842 0.255129
vt 0.393888 0.252920
vt 0.398207 0.251309
vt 0.402712 0.250329
vt 0.407310 0.250000
vt 0.598212 0.250318
vt 0.602567 0.251265
vt 0.606742 0.252822
vt 0.610653 0.254958
vt 0.614220 0.257629
vt 0.617371 0.260780
vt 0.620042 0.264347
vt 0.622178 0.268258
vt 0.623735 0.272433
vt 0.624682 0.276788
vt 0.625000 0.281232
vt 0.625000 0.467690
vt 0.624671 0.472288
vt 0.623691 0.476793
vt 0.622080 0.481112
vt 0.619871 0.485158
vt 0.617108 0.488849
vt 0.613849 0.492108
vt 0.610158 0.494871
vt 0.606112 0.497080
vt 0.601793 0.498691
vt 0.597288 0.499671
vt 0.401788 0.499682
vt 0.397433 0.498735
vt 0.393258 0.497178
vt 0.389347 0.495042
vt 0.385780 0.492371
vt 0.382629 0.489220
vt 0.379958 0.485653
vt 0.377822 0.481742
vt 0.376265 0.477567
vt 0.375318 0.473212
vt 0.375000 0.468768
vt 0.152712 0.750000
vt 0.152712 0.500000
vt 0.148207 0.750000
vt 0.148207 0.500000
vt 0.143888 0.750000
vt 0.143888 0.500000
vt 0.139842 0.750000
vt 0.139842 0.500000
vt 0.136151 0.750000
vt 0.136151 0.500000
vt 0.125000 0.750000
vt 0.375000 0.250000
vt 0.375000 0.000000
vt 0.389842 0.000000
vt 0.389842 0.250000
vt 0.393888 0.000000
vt 0.393888 0.250000
vt 0.398207 0.000000
vt 0.398207 0.250000
vt 0.402712 0.000000
vt 0.402712 0.250000
vt 0.407310 0.000000
vt 0.652712 0.750000
vt 0.652712 0.500000
vt 0.648207 0.750000
vt 0.648207 0.500000
vt 0.643888 0.750000
vt 0.643888 0.500000
vt 0.639842 0.750000
vt 0.639842 0.500000
vt 0.636151 0.750000
vt 0.636151 0.500000
vt 0.613849 0.750000
vt 0.613849 0.500000
vt 0.610158 0.750000
vt 0.610158 0.500000
vt 0.606112 0.750000
vt 0.606112 0.500000
vt 0.601793 0.750000
vt 0.601793 0.500000
vt 0.597288 0.750000
vt 0.597288 0.500000
vt 1.000000 1.000000
vt 0.968750 1.000000
vt 0.937500 1.000000
vt 0.906250 1.000000
vt 0.875000 1.000000
vt 0.843750 1.000000
vt 0.812500 1.000000
vt 0.781250 1.000000
vt 0.750000 1.000000
vt 0.718750 1.000000
vt 0.687500 1.000000
vt 0.656250 1.000000
vt 0.625000 1.000000
vt 0.593750 1.000000
vt 0.562500 1.000000
vt 0.531250 1.000000
vt 0.500000 1.000000
vt 0.468750 1.000000
vt 0.437500 1.000000
vt 0.406250 1.000000
vt 0.375000 1.000000
vt 0.343750 1.000000
vt 0.312500 1.000000
vt 0.281250 1.000000
vt 0.250000 1.000000
vt 0.218750 1.000000
vt 0.187500 1.000000
vt 0.156250 1.000000
vt 0.125000 1.000000
vt 0.093750 1.000000
vt 0.062500 1.000000
vt 0.296822 0.485388
vt 0.250000 0.490000
vt 0.203178 0.485388
vt 0.158156 0.471731
vt 0.116663 0.449553
vt 0.080294 0.419706
vt 0.050447 0.383337
vt 0.028269 0.341844
vt 0.014612 0.296822
vt 0.010000 0.250000
vt 0.177912 0.249217
vt 0.179296 0.263264
vt 0.183393 0.276770
vt 0.190047 0.289218
vt 0.199001 0.300129
vt 0.209911 0.309083
vt 0.222359 0.315736
vt 0.235866 0.319834
vt 0.249912 0.321217
vt 0.263959 0.319834
vt 0.277466 0.315736
vt 0.289914 0.309083
vt 0.300824 0.300129
vt 0.309778 0.289218
vt 0.316432 0.276770
vt 0.320529 0.263264
vt 0.321912 0.249217
vt 0.490000 0.250000
vt 0.485388 0.296822
vt 0.471731 0.341844
vt 0.449553 0.383337
vt 0.419706 0.419706
vt 0.383337 0.449553
vt 0.341844 0.471731
vt 0.031250 1.000000
vt 0.000000 1.000000
vt 0.821913 0.249217
vt 0.820529 0.263264
vt 0.816432 0.276770
vt 0.809779 0.289218
vt 0.800824 0.300129
vt 0.789914 0.309083
vt 0.777466 0.315736
vt 0.763959 0.319833
vt 0.749913 0.321217
vt 0.735866 0.319834
vt 0.722359 0.315736
vt 0.709912 0.309083
vt 0.699001 0.300129
vt 0.690047 0.289218
vt 0.683394 0.276770
vt 0.679296 0.263264
vt 0.677913 0.249217
vt 0.178000 0.250000
vt 0.179384 0.264046
vt 0.183481 0.277553
vt 0.190134 0.290001
vt 0.199088 0.300912
vt 0.209999 0.309866
vt 0.222447 0.316519
vt 0.235954 0.320617
vt 0.250000 0.322000
vt 0.264047 0.320617
vt 0.277553 0.316519
vt 0.290001 0.309866
vt 0.300912 0.300912
vt 0.309866 0.290001
vt 0.316519 0.277553
vt 0.320617 0.264047
vt 0.322000 0.250000
vt 0.158000 0.250000
vt 0.159768 0.267948
vt 0.165003 0.285207
vt 0.173505 0.301113
vt 0.184946 0.315054
vt 0.198888 0.326495
vt 0.214793 0.334997
vt 0.232052 0.340232
vt 0.250000 0.342000
vt 0.267948 0.340232
vt 0.285207 0.334997
vt 0.301113 0.326495
vt 0.315054 0.315054
vt 0.326495 0.301113
vt 0.334997 0.285207
vt 0.340232 0.267948
vt 0.342000 0.250000
vt 0.320617 0.235954
vt 0.316519 0.222447
vt 0.309866 0.209999
vt 0.300912 0.199088
vt 0.290001 0.190134
vt 0.277553 0.183481
vt 0.264047 0.179384
vt 0.250000 0.178000
vt 0.235954 0.179384
vt 0.222447 0.183481
vt 0.209999 0.190134
vt 0.199088 0.199088
vt 0.190134 0.209999
vt 0.183481 0.222447
vt 0.179384 0.235954
vt 0.014612 0.203178
vt 0.028269 0.158156
vt 0.050447 0.116663
vt 0.080294 0.080294
vt 0.116663 0.050447
vt 0.158156 0.028269
vt 0.203178 0.014612
vt 0.250000 0.010000
vt 0.296822 0.014612
vt 0.341844 0.028269
vt 0.383337 0.050447
vt 0.419706 0.080294
vt 0.449553 0.116663
vt 0.471731 0.158156
vt 0.485388 0.203178
vt 0.340232 0.232052
vt 0.334997 0.214793
vt 0.326495 0.198888
vt 0.315054 0.184946
vt 0.301113 0.173505
vt 0.285207 0.165003
vt 0.267948 0.159768
vt 0.250000 0.158000
vt 0.232052 0.159768
vt 0.214793 0.165003
vt 0.198888 0.173505
vt 0.184946 0.184946
vt 0.173505 0.198888
vt 0.165003 0.214793
vt 0.159768 0.232052
vt 0.718750 0.504558
vt 0.718750 0.623234
vt 0.750000 0.623234
vt 0.750000 0.504558
vt 0.625000 0.504558
vt 0.625000 0.623234
vt 0.656250 0.623234
vt 0.656250 0.504558
vt 0.687500 0.623234
vt 0.687500 0.504558
vt 0.218750 0.504558
vt 0.218750 0.623234
vt 0.250000 0.623234
vt 0.250000 0.504558
vt 0.781250 0.504558
vt 0.781250 0.623234
vt 0.812500 0.623234
vt 0.812500 0.504558
vt 0.843750 0.504558
vt 0.843750 0.623234
vt 0.875000 0.623234
vt 0.875000 0.504558
vt 0.000000 0.504558
vt 0.000000 0.623234
vt 0.031250 0.623234
vt 0.031250 0.504558
vt 0.468750 0.504558
vt 0.468750 0.623234
vt 0.500000 0.623234
vt 0.500000 0.504558
vt 0.156250 0.504558
vt 0.156250 0.623234
vt 0.187500 0.623234
vt 0.187500 0.504558
vt 0.531250 0.623234
vt 0.531250 0.504558
vt 0.062500 0.623234
vt 0.062500 0.504558
vt 0.906250 0.623234
vt 0.906250 0.504558
vt 0.588927 0.973873
vt 0.589865 0.973666
vt 0.590730 0.973331
vt 0.591488 0.972880
vt 0.592110 0.972330
vt 0.592572 0.971702
vt 0.592857 0.971022
vt 0.592953 0.970314
vt 0.592857 0.969606
vt 0.592572 0.968925
vt 0.592110 0.968298
vt 0.591488 0.967748
vt 0.590730 0.967296
vt 0.589865 0.966961
vt 0.588927 0.966754
vt 0.597288 0.750329
vt 0.601793 0.751309
vt 0.606112 0.752920
vt 0.610158 0.755129
vt 0.613848 0.757891
vt 0.617108 0.761151
vt 0.619871 0.764842
vt 0.622080 0.768888
vt 0.623691 0.773207
vt 0.624671 0.777712
vt 0.625000 0.782310
vt 0.625000 0.968768
vt 0.624682 0.973212
vt 0.623735 0.977567
vt 0.622178 0.981742
vt 0.620042 0.985653
vt 0.617371 0.989220
vt 0.614220 0.992371
vt 0.610653 0.995042
vt 0.606742 0.997178
vt 0.602567 0.998735
vt 0.598212 0.999682
vt 0.679296 0.235171
vt 0.683393 0.221664
vt 0.690047 0.209216
vt 0.699001 0.198305
vt 0.709912 0.189351
vt 0.722359 0.182698
vt 0.735866 0.178601
vt 0.749913 0.177217
vt 0.763959 0.178601
vt 0.777466 0.182698
vt 0.789914 0.189351
vt 0.800824 0.198305
vt 0.809779 0.209216
vt 0.816432 0.221664
vt 0.820529 0.235171
vt 0.406250 0.504558
vt 0.406250 0.623234
vt 0.437500 0.623234
vt 0.437500 0.504558
vt 0.937500 0.623234
vt 0.937500 0.504558
vt 0.593750 0.504558
vt 0.593750 0.623234
vt 0.093750 0.504558
vt 0.093750 0.623234
vt 0.125000 0.623234
vt 0.125000 0.504558
vt 0.375000 0.504558
vt 0.375000 0.623234
vt 0.562500 0.504558
vt 0.562500 0.623234
vt 0.312500 0.504558
vt 0.312500 0.623234
vt 0.343750 0.623234
vt 0.343750 0.504558
vt 0.968750 0.504558
vt 0.968750 0.623234
vt 1.000000 0.623234
vt 1.000000 0.504558
vt 0.281250 0.623234
vt 0.281250 0.504558
vt 0.320529 0.235171
vt 0.316432 0.221664
vt 0.309778 0.209216
vt 0.300824 0.198305
vt 0.289914 0.189351
vt 0.277466 0.182698
vt 0.263959 0.178601
vt 0.249912 0.177217
vt 0.235866 0.178601
vt 0.222359 0.182698
vt 0.209911 0.189351
vt 0.199001 0.198305
vt 0.190047 0.209216
vt 0.183393 0.221664
vt 0.179296 0.235171
vt 0.000000 0.000000
s 0
usemtl Material.003
f 716/1430/248 1230/1431/248 1179/1432/248 717/1433/248
f 717/1433/249 1179/1432/249 1173/1434/249 718/1435/249
f 718/1435/250 1173/1434/250 1170/1436/250 719/1437/250
f 719/1437/251 1170/1436/251 1185/1438/251 720/1439/251
f 720/1439/252 1185/1438/252 1182/1440/252 721/1441/252
f 721/1441/253 1182/1440/253 1194/1442/253 722/1443/253
f 722/1443/254 1194/1442/254 1236/1444/254 723/1445/254
f 723/1445/255 1236/1444/255 1218/1446/255 724/1447/255
f 724/1447/256 1218/1446/256 1212/1448/256 725/1449/256
f 725/1449/257 1212/1448/257 1209/1450/257 726/1451/257
f 726/1451/258 1209/1450/258 1215/1452/258 727/1453/258
f 727/1453/259 1215/1452/259 1188/1454/259 728/1455/259
f 728/1455/260 1188/1454/260 1191/1456/260 729/1457/260
f 729/1457/261 1191/1456/261 1239/1458/261 730/1459/261
f 730/1459/262 1239/1458/262 1233/1460/262 731/1461/262
f 731/1461/263 1233/1460/263 1254/1462/263 732/1463/263
f 732/1463/264 1254/1462/264 1197/1464/264 733/1465/264
f 733/1465/265 1197/1464/265 1206/1466/265 734/1467/265
f 734/1467/266 1206/1466/266 1251/1468/266 735/1469/266
f 735/1469/267 1251/1468/267 1245/1470/267 736/1471/267
f 736/1471/268 1245/1470/268 1242/1472/268 737/1473/268
f 737/1473/269 1242/1472/269 1248/1474/269 738/1475/269
f 738/1475/270 1248/1474/270 1200/1476/270 739/1477/270
f 739/1477/271 1200/1476/271 1176/1478/271 740/1479/271
f 740/1479/272 1176/1478/272 1164/1480/272 741/1481/272
f 741/1481/273 1164/1480/273 1167/1482/273 742/1483/273
f 742/1483/274 1167/1482/274 1221/1484/274 743/1485/274
f 743/1485/275 1221/1484/275 1224/1486/275 744/1487/275
f 744/1487/276 1224/1486/276 1203/1488/276 745/1489/276
f 745/1489/277 1203/1488/277 1227/1490/277 746/1491/277
f 746/1491/278 1227/1490/278 1257/1492/278 747/1493/278
f 747/1493/279 1257/1492/279 1230/1494/279 716/1495/279
f 716/1496/280 717/1497/280 718/1498/280 719/1499/280 720/1500/280 721/1501/280 722/1502/280 723/1503/280 724/1504/280 725/1505/280 726/1506/280 727/1507/280 728/1508/280 729/1509/280 730/1510/280 731/1511/280 732/1512/280 733/1513/280 734/1514/280 735/1515/280 736/1516/280 737/1517/280 738/1518/280 739/1519/280 740/1520/280 741/1521/280 742/1522/280 743/1523/280 744/1524/280 745/1525/280 746/1526/280 747/1527/280
f 748/1430/264 749/1433/264 1137/1528/264 1154/1529/264
f 749/1433/265 750/1435/265 1135/1530/265 1137/1528/265
f 750/1435/266 751/1437/266 1134/1531/266 1135/1530/266
f 751/1437/267 752/1439/267 1139/1532/267 1134/1531/267
f 752/1439/268 753/1441/268 1138/1533/268 1139/1532/268
f 753/1441/281 754/1443/281 1142/1534/281 1138/1533/281
f 754/1443/282 755/1445/282 1156/1535/282 1142/1534/282
f 755/1445/283 756/1447/283 1150/1536/283 1156/1535/283
f 756/1447/284 757/1449/284 1148/1537/284 1150/1536/284
f 757/1449/285 758/1451/285 1147/1538/285 1148/1537/285
f 758/1451/286 759/1453/286 1149/1539/286 1147/1538/286
f 759/1453/275 760/1455/275 1140/1540/275 1149/1539/275
f 760/1455/287 761/1457/287 1141/1541/287 1140/1540/287
f 761/1457/288 762/1459/288 1157/1542/288 1141/1541/288
f 762/1459/289 763/1461/289 1155/1543/289 1157/1542/289
f 763/1461/290 764/1463/290 1162/1544/290 1155/1543/290
f 764/1463/291 765/1465/291 1143/1545/291 1162/1544/291
f 765/1465/292 766/1467/292 1146/1546/292 1143/1545/292
f 766/1467/293 767/1469/293 1161/1547/293 1146/1546/293
f 767/1469/294 768/1471/294 1159/1548/294 1161/1547/294
f 768/1471/252 769/1473/252 1158/1549/252 1159/1548/252
f 769/1473/295 770/1475/295 1160/1550/295 1158/1549/295
f 770/1475/254 771/1477/254 1144/1551/254 1160/1550/254
f 771/1477/255 772/1479/255 1136/1552/255 1144/1551/255
f 772/1479/256 773/1481/256 1132/1553/256 1136/1552/256
f 773/1481/257 774/1483/257 1133/1554/257 1132/1553/257
f 774/1483/296 775/1485/296 1151/1555/296 1133/1554/296
f 775/1485/259 776/1487/259 1152/1556/259 1151/1555/259
f 776/1487/260 777/1489/260 1145/1557/260 1152/1556/260
f 777/1489/261 778/1491/261 1153/1558/261 1145/1557/261
f 778/1491/262 779/1493/262 1163/1559/262 1153/1558/262
f 779/1493/263 748/1495/263 1154/1560/263 1163/1559/263
f 748/1496/297 779/1527/297 778/1526/297 777/1525/297 776/1524/297 775/1523/297 774/1522/297 773/1521/297 772/1520/297 771/1519/297 770/1518/297 769/1517/297 768/1516/297 767/1515/297 766/1514/297 765/1513/297 764/1512/297 763/1511/297 762/1510/297 761/1509/297 760/1508/297 759/1507/297 758/1506/297 757/1505/297 756/1504/297 755/1503/297 754/1502/297 753/1501/297 752/1500/297 751/1499/297 750/1498/297 749/1497/297
f 780/1430/264 781/1433/264 1105/1561/264 1122/1562/264
f 781/1433/265 782/1435/265 1103/1563/265 1105/1561/265
f 782/1435/266 783/1437/266 1102/1564/266 1103/1563/266
f 783/1437/267 784/1439/267 1107/1565/267 1102/1564/267
f 784/1439/268 785/1441/268 1106/1566/268 1107/1565/268
f 785/1441/281 786/1443/281 1110/1567/281 1106/1566/281
f 786/1443/282 787/1445/282 1124/1568/282 1110/1567/282
f 787/1445/283 788/1447/283 1118/1569/283 1124/1568/283
f 788/1447/284 789/1449/284 1116/1570/284 1118/1569/284
f 789/1449/285 790/1451/285 1115/1571/285 1116/1570/285
f 790/1451/286 791/1453/286 1117/1572/286 1115/1571/286
f 791/1453/275 792/1455/275 1108/1573/275 1117/1572/275
f 792/1455/287 793/1457/287 1109/1574/287 1108/1573/287
f 793/1457/288 794/1459/288 1125/1575/288 1109/1574/288
f 794/1459/289 795/1461/289 1123/1576/289 1125/1575/289
f 795/1461/290 796/1463/290 1130/1577/290 1123/1576/290
f 796/1463/291 797/1465/291 1111/1578/291 1130/1577/291
f 797/1465/292 798/1467/292 1114/1579/292 1111/1578/292
f 798/1467/293 799/1469/293 1129/1580/293 1114/1579/293
f 799/1469/294 800/1471/294 1127/1581/294 1129/1580/294
f 800/1471/252 801/1473/252 1126/1582/252 1127/1581/252
f 801/1473/295 802/1475/295 1128/1583/295 1126/1582/295
f 802/1475/254 803/1477/254 1112/1584/254 1128/1583/254
f 803/1477/255 804/1479/255 1104/1585/255 1112/1584/255
f 804/1479/256 805/1481/256 1100/1586/256 1104/1585/256
f 805/1481/257 806/1483/257 1101/1587/257 1100/1586/257
f 806/1483/296 807/1485/296 1119/1588/296 1101/1587/296
f 807/1485/259 808/1487/259 1120/1589/259 1119/1588/259
f 808/1487/260 809/1489/260 1113/1590/260 1120/1589/260
f 809/1489/261 810/1491/261 1121/1591/261 1113/1590/261
f 810/1491/262 811/1493/262 1131/1592/262 1121/1591/262
f 811/1493/263 780/1495/263 1122/1593/263 1131/1592/263
f 780/1496/297 811/1527/297 810/1526/297 809/1525/297 808/1524/297 807/1523/297 806/1522/297 805/1521/297 804/1520/297 803/1519/297 802/1518/297 801/1517/297 800/1516/297 799/1515/297 798/1514/297 797/1513/297 796/1512/297 795/1511/297 794/1510/297 793/1509/297 792/1508/297 791/1507/297 790/1506/297 789/1505/297 788/1504/297 787/1503/297 786/1502/297 785/1501/297 784/1500/297 783/1499/297 782/1498/297 781/1497/297
f 836/1594/297 838/1595/297 839/1596/297 840/1597/297 841/1598/297 842/1599/297 843/1600/297 844/1601/297 845/1602/297 846/1603/297 847/1604/297 837/1605/297 884/1606/297 1219/1607/297 1213/1608/297 1210/1609/297 1216/1610/297 1189/1611/297 1192/1612/297 1240/1613/297 1234/1614/297 1255/1615/297 1198/1616/297 1207/1617/297 1252/1618/297 1246/1619/297 1243/1620/297 1249/1621/297 1201/1622/297 1177/1623/297 813/1624/297 860/1625/297 862/1626/297 863/1627/297 864/1628/297 865/1629/297 866/1630/297 867/1631/297 868/1632/297 869/1633/297 870/1634/297 871/1635/297 861/1636/297
f 872/1637/298 849/1638/298 836/1639/298 861/1640/298
f 896/1641/299 825/1642/299 812/1643/299 885/1644/299
f 848/1645/300 897/1646/300 884/1606/300 837/1605/300
f 812/1643/301 825/1642/301 835/1647/301 814/1648/301
f 814/1648/302 835/1647/302 834/1649/302 815/1650/302
f 815/1650/303 834/1649/303 833/1651/303 816/1652/303
f 816/1652/304 833/1651/304 832/1653/304 817/1654/304
f 817/1654/305 832/1653/305 831/1439/305 818/1655/305
f 818/1656/306 831/1657/306 830/1658/306 819/1659/306
f 819/1659/307 830/1658/307 829/1660/307 820/1661/307
f 820/1661/308 829/1660/308 828/1662/308 821/1663/308
f 821/1663/309 828/1662/309 827/1664/309 822/1665/309
f 822/1665/310 827/1664/310 826/1666/310 823/1667/310
f 823/1667/311 826/1666/311 824/1668/311 813/1669/311
f 836/1639/312 849/1638/312 859/1670/312 838/1671/312
f 838/1671/313 859/1670/313 858/1672/313 839/1673/313
f 839/1673/314 858/1672/314 857/1674/314 840/1675/314
f 840/1675/315 857/1674/315 856/1676/315 841/1677/315
f 841/1677/316 856/1676/316 855/1678/316 842/1679/316
f 842/1679/317 855/1678/317 854/1680/317 843/1681/317
f 843/1681/318 854/1680/318 853/1682/318 844/1683/318
f 844/1683/319 853/1682/319 852/1684/319 845/1685/319
f 845/1685/320 852/1684/320 851/1686/320 846/1687/320
f 846/1687/321 851/1686/321 850/1688/321 847/1689/321
f 847/1689/322 850/1688/322 848/1645/322 837/1605/322
f 872/1690/280 874/1691/280 875/1692/280 876/1693/280 877/1694/280 878/1695/280 879/1696/280 880/1697/280 881/1698/280 882/1699/280 883/1700/280 873/1701/280 824/1668/280 826/1702/280 827/1703/280 828/1704/280 829/1705/280 830/1706/280 831/1707/280 832/1708/280 833/1709/280 834/1710/280 835/1711/280 825/1712/280 896/1713/280 898/1714/280 899/1715/280 900/1716/280 901/1717/280 902/1718/280 903/1719/280 904/1720/280 905/1721/280 906/1722/280 907/1723/280 897/1646/280 848/1645/280 850/1724/280 851/1725/280 852/1726/280 853/1727/280 854/1728/280 855/1729/280 856/1730/280 857/1731/280 858/1732/280 859/1733/280 849/1734/280
f 872/1637/323 861/1640/323 871/1735/323 874/1736/323
f 874/1736/324 871/1735/324 870/1737/324 875/1738/324
f 875/1738/325 870/1737/325 869/1739/325 876/1740/325
f 876/1740/326 869/1739/326 868/1741/326 877/1742/326
f 877/1742/327 868/1741/327 867/1743/327 878/1744/327
f 878/1744/328 867/1743/328 866/1745/328 879/1487/328
f 879/1746/329 866/1747/329 865/1748/329 880/1749/329
f 880/1749/330 865/1748/330 864/1750/330 881/1751/330
f 881/1751/331 864/1750/331 863/1752/331 882/1753/331
f 882/1753/332 863/1752/332 862/1754/332 883/1755/332
f 883/1755/333 862/1754/333 860/1756/333 873/1701/333
f 896/1641/334 885/1644/334 895/1757/334 898/1758/334
f 898/1758/335 895/1757/335 894/1759/335 899/1760/335
f 899/1760/336 894/1759/336 893/1761/336 900/1762/336
f 900/1762/337 893/1761/337 892/1763/337 901/1764/337
f 901/1764/338 892/1763/338 891/1765/338 902/1766/338
f 902/1766/339 891/1765/339 890/1767/339 903/1768/339
f 903/1768/340 890/1767/340 889/1769/340 904/1770/340
f 904/1770/341 889/1769/341 888/1771/341 905/1772/341
f 905/1772/342 888/1771/342 887/1773/342 906/1774/342
f 906/1774/343 887/1773/343 886/1775/343 907/1776/343
f 907/1776/344 886/1775/344 884/1606/344 897/1646/344
f 860/1756/345 813/1669/345 824/1668/345 873/1701/345
f 908/1430/346 909/1777/346 911/1778/346 910/1433/346
f 910/1433/292 911/1778/292 913/1779/292 912/1435/292
f 912/1435/293 913/1779/293 915/1780/293 914/1437/293
f 914/1437/294 915/1780/294 917/1781/294 916/1439/294
f 916/1439/252 917/1781/252 919/1782/252 918/1441/252
f 918/1441/295 919/1782/295 921/1783/295 920/1443/295
f 920/1443/254 921/1783/254 923/1784/254 922/1445/254
f 922/1445/255 923/1784/255 925/1785/255 924/1447/255
f 924/1447/256 925/1785/256 927/1786/256 926/1449/256
f 926/1449/257 927/1786/257 929/1787/257 928/1451/257
f 928/1451/296 929/1787/296 931/1788/296 930/1453/296
f 930/1453/259 931/1788/259 933/1789/259 932/1455/259
f 932/1455/260 933/1789/260 935/1790/260 934/1457/260
f 934/1457/261 935/1790/261 937/1791/261 936/1459/261
f 936/1459/262 937/1791/262 939/1792/262 938/1461/262
f 938/1461/263 939/1792/263 941/1793/263 940/1463/263
f 940/1463/264 941/1793/264 943/1794/264 942/1465/264
f 942/1465/265 943/1794/265 945/1795/265 944/1467/265
f 944/1467/266 945/1795/266 947/1796/266 946/1469/266
f 946/1469/267 947/1796/267 949/1797/267 948/1471/267
f 948/1471/268 949/1797/268 951/1798/268 950/1473/268
f 950/1473/281 951/1798/281 953/1799/281 952/1475/281
f 952/1475/282 953/1799/282 955/1800/282 954/1477/282
f 954/1477/283 955/1800/283 957/1801/283 956/1479/283
f 956/1479/284 957/1801/284 959/1802/284 958/1481/284
f 958/1481/285 959/1802/285 961/1803/285 960/1483/285
f 960/1483/286 961/1803/286 963/1804/286 962/1485/286
f 962/1485/275 963/1804/275 965/1805/275 964/1487/275
f 964/1487/287 965/1805/287 967/1806/287 966/1489/287
f 966/1489/288 967/1806/288 969/1807/288 968/1491/288
f 911/1808/297 909/1809/297 971/1810/297 969/1811/297 967/1812/297 965/1813/297 963/1814/297 961/1815/297 959/1816/297 957/1817/297 1178/1818/297 1166/1819/297 1169/1820/297 1223/1821/297 1226/1822/297 1205/1823/297 1229/1824/297 1259/1825/297 1232/1826/297 1181/1827/297 1175/1828/297 1172/1829/297 1187/1830/297 1184/1831/297 1196/1832/297 1238/1833/297 1220/1834/297 925/1835/297 923/1836/297 921/1837/297 919/1838/297 917/1839/297 915/1840/297 913/1841/297
f 968/1491/289 969/1807/289 971/1842/289 970/1493/289
f 970/1493/347 971/1842/347 909/1843/347 908/1495/347
f 908/1496/280 910/1497/280 912/1498/280 914/1499/280 916/1500/280 918/1501/280 920/1502/280 922/1503/280 924/1504/280 1218/1844/280 1236/1845/280 1194/1846/280 1182/1847/280 1185/1848/280 1170/1849/280 1173/1850/280 1179/1851/280 1230/1852/280 1257/1853/280 1227/1854/280 1203/1855/280 1224/1856/280 1221/1857/280 1167/1858/280 1164/1859/280 1176/1860/280 956/1520/280 958/1521/280 960/1522/280 962/1523/280 964/1524/280 966/1525/280 968/1526/280 970/1527/280
f 972/1430/346 973/1777/346 975/1778/346 974/1433/346
f 974/1433/292 975/1778/292 977/1779/292 976/1435/292
f 976/1435/293 977/1779/293 979/1780/293 978/1437/293
f 978/1437/294 979/1780/294 981/1781/294 980/1439/294
f 980/1439/252 981/1781/252 983/1782/252 982/1441/252
f 982/1441/295 983/1782/295 985/1783/295 984/1443/295
f 984/1443/254 985/1783/254 987/1784/254 986/1445/254
f 986/1445/255 987/1784/255 989/1785/255 988/1447/255
f 988/1447/256 989/1785/256 991/1786/256 990/1449/256
f 990/1449/257 991/1786/257 993/1787/257 992/1451/257
f 992/1451/296 993/1787/296 995/1788/296 994/1453/296
f 994/1453/259 995/1788/259 997/1789/259 996/1455/259
f 996/1455/260 997/1789/260 999/1790/260 998/1457/260
f 998/1457/261 999/1790/261 1001/1791/261 1000/1459/261
f 1000/1459/262 1001/1791/262 1003/1792/262 1002/1461/262
f 1002/1461/263 1003/1792/263 1005/1793/263 1004/1463/263
f 1004/1463/264 1005/1793/264 1007/1794/264 1006/1465/264
f 1006/1465/265 1007/1794/265 1009/1795/265 1008/1467/265
f 1008/1467/266 1009/1795/266 1011/1796/266 1010/1469/266
f 1010/1469/267 1011/1796/267 1013/1797/267 1012/1471/267
f 1012/1471/268 1013/1797/268 1015/1798/268 1014/1473/268
f 1014/1473/281 1015/1798/281 1017/1799/281 1016/1475/281
f 1016/1475/282 1017/1799/282 1019/1800/282 1018/1477/282
f 1018/1477/283 1019/1800/283 1021/1801/283 1020/1479/283
f 1020/1479/284 1021/1801/284 1023/1802/284 1022/1481/284
f 1022/1481/285 1023/1802/285 1025/1803/285 1024/1483/285
f 1024/1483/286 1025/1803/286 1027/1804/286 1026/1485/286
f 1026/1485/275 1027/1804/275 1029/1805/275 1028/1487/275
f 1028/1487/287 1029/1805/287 1031/1806/287 1030/1489/287
f 1030/1489/288 1031/1806/288 1033/1807/288 1032/1491/288
f 975/1808/297 973/1809/297 1035/1810/297 1033/1811/297 1031/1812/297 1029/1813/297 1027/1814/297 1025/1815/297 1023/1816/297 1021/1817/297 1104/1861/297 1100/1862/297 1101/1863/297 1119/1864/297 1120/1865/297 1113/1866/297 1121/1867/297 1131/1868/297 1122/1869/297 1105/1870/297 1103/1871/297 1102/1872/297 1107/1873/297 1106/1874/297 1110/1875/297 1124/1876/297 1118/1877/297 989/1835/297 987/1836/297 985/1837/297 983/1838/297 981/1839/297 979/1840/297 977/1841/297
f 1032/1491/289 1033/1807/289 1035/1842/289 1034/1493/289
f 1034/1493/347 1035/1842/347 973/1843/347 972/1495/347
f 972/1496/280 974/1497/280 976/1498/280 978/1499/280 980/1500/280 982/1501/280 984/1502/280 986/1503/280 988/1504/280 990/1505/280 992/1506/280 994/1507/280 996/1508/280 998/1509/280 1000/1510/280 1002/1511/280 1004/1512/280 1006/1513/280 1008/1514/280 1010/1515/280 1012/1516/280 1014/1517/280 1016/1518/280 1018/1519/280 1020/1520/280 1022/1521/280 1024/1522/280 1026/1523/280 1028/1524/280 1030/1525/280 1032/1526/280 1034/1527/280
f 1036/1430/346 1037/1777/346 1039/1778/346 1038/1433/346
f 1038/1433/292 1039/1778/292 1041/1779/292 1040/1435/292
f 1040/1435/293 1041/1779/293 1043/1780/293 1042/1437/293
f 1042/1437/294 1043/1780/294 1045/1781/294 1044/1439/294
f 1044/1439/252 1045/1781/252 1047/1782/252 1046/1441/252
f 1046/1441/295 1047/1782/295 1049/1783/295 1048/1443/295
f 1048/1443/254 1049/1783/254 1051/1784/254 1050/1445/254
f 1050/1445/255 1051/1784/255 1053/1785/255 1052/1447/255
f 1052/1447/256 1053/1785/256 1055/1786/256 1054/1449/256
f 1054/1449/257 1055/1786/257 1057/1787/257 1056/1451/257
f 1056/1451/296 1057/1787/296 1059/1788/296 1058/1453/296
f 1058/1453/259 1059/1788/259 1061/1789/259 1060/1455/259
f 1060/1455/260 1061/1789/260 1063/1790/260 1062/1457/260
f 1062/1457/261 1063/1790/261 1065/1791/261 1064/1459/261
f 1064/1459/262 1065/1791/262 1067/1792/262 1066/1461/262
f 1066/1461/263 1067/1792/263 1069/1793/263 1068/1463/263
f 1068/1463/264 1069/1793/264 1071/1794/264 1070/1465/264
f 1070/1465/265 1071/1794/265 1073/1795/265 1072/1467/265
f 1072/1467/266 1073/1795/266 1075/1796/266 1074/1469/266
f 1074/1469/267 1075/1796/267 1077/1797/267 1076/1471/267
f 1076/1471/268 1077/1797/268 1079/1798/268 1078/1473/268
f 1078/1473/281 1079/1798/281 1081/1799/281 1080/1475/281
f 1080/1475/282 1081/1799/282 1083/1800/282 1082/1477/282
f 1082/1477/283 1083/1800/283 1085/1801/283 1084/1479/283
f 1084/1479/284 1085/1801/284 1087/1802/284 1086/1481/284
f 1086/1481/285 1087/1802/285 1089/1803/285 1088/1483/285
f 1088/1483/286 1089/1803/286 1091/1804/286 1090/1485/286
f 1090/1485/275 1091/1804/275 1093/1805/275 1092/1487/275
f 1092/1487/287 1093/1805/287 1095/1806/287 1094/1489/287
f 1094/1489/288 1095/1806/288 1097/1807/288 1096/1491/288
f 1039/1808/297 1037/1809/297 1099/1810/297 1097/1811/297 1095/1812/297 1093/1813/297 1091/1814/297 1089/1815/297 1087/1816/297 1085/1817/297 1136/1878/297 1132/1879/297 1133/1880/297 1151/1881/297 1152/1882/297 1145/1883/297 1153/1884/297 1163/1885/297 1154/1886/297 1137/1887/297 1135/1888/297 1134/1889/297 1139/1890/297 1138/1891/297 1142/1892/297 1156/1893/297 1150/1894/297 1053/1835/297 1051/1836/297 1049/1837/297 1047/1838/297 1045/1839/297 1043/1840/297 1041/1841/297
f 1096/1491/289 1097/1807/289 1099/1842/289 1098/1493/289
f 1098/1493/347 1099/1842/347 1037/1843/347 1036/1495/347
f 1036/1496/280 1038/1497/280 1040/1498/280 1042/1499/280 1044/1500/280 1046/1501/280 1048/1502/280 1050/1503/280 1052/1504/280 1054/1505/280 1056/1506/280 1058/1507/280 1060/1508/280 1062/1509/280 1064/1510/280 1066/1511/280 1068/1512/280 1070/1513/280 1072/1514/280 1074/1515/280 1076/1516/280 1078/1517/280 1080/1518/280 1082/1519/280 1084/1520/280 1086/1521/280 1088/1522/280 1090/1523/280 1092/1524/280 1094/1525/280 1096/1526/280 1098/1527/280
f 989/1835/297 1118/1877/297 1116/1895/297 1115/1896/297 1117/1897/297 1108/1898/297 1109/1899/297 1125/1900/297 1123/1901/297 1130/1902/297 1111/1903/297 1114/1904/297 1129/1905/297 1127/1906/297 1126/1907/297 1128/1908/297 1112/1909/297 1104/1861/297 1021/1817/297 1019/1910/297 1017/1911/297 1015/1912/297 1013/1913/297 1011/1914/297 1009/1915/297 1007/1916/297 1005/1917/297 1003/1918/297 1001/1919/297 999/1920/297 997/1921/297 995/1922/297 993/1923/297 991/1924/297
f 1053/1835/297 1150/1894/297 1148/1925/297 1147/1926/297 1149/1927/297 1140/1928/297 1141/1929/297 1157/1930/297 1155/1931/297 1162/1932/297 1143/1933/297 1146/1934/297 1161/1935/297 1159/1936/297 1158/1937/297 1160/1938/297 1144/1939/297 1136/1878/297 1085/1817/297 1083/1910/297 1081/1911/297 1079/1912/297 1077/1913/297 1075/1914/297 1073/1915/297 1071/1916/297 1069/1917/297 1067/1918/297 1065/1919/297 1063/1920/297 1061/1921/297 1059/1922/297 1057/1923/297 1055/1924/297
f 1213/1940/284 1214/1941/284 1220/1942/284 1219/1943/284
f 1189/1944/275 1190/1945/275 1217/1946/275 1216/1947/275
f 1216/1947/286 1217/1946/286 1211/1948/286 1210/1949/286
f 1165/1950/256 1166/1951/256 1178/1952/256 1177/1953/256
f 1237/1954/282 1238/1955/282 1196/1956/282 1195/1957/282
f 1219/1943/283 1220/1942/283 1238/1955/283 1237/1954/283
f 1183/1958/268 1184/1959/268 1187/1960/268 1186/1961/268
f 1231/1962/263 1232/1963/263 1259/1964/263 1258/1965/263
f 1198/1966/346 1199/1967/346 1256/1968/346 1255/1969/346
f 1222/1970/296 1223/1971/296 1169/1972/296 1168/1973/296
f 1255/1969/347 1256/1968/347 1235/1974/347 1234/1975/347
f 1258/1965/262 1259/1964/262 1229/1976/262 1228/1977/262
f 1186/1961/267 1187/1960/267 1172/1978/267 1171/1979/267
f 813/1624/297 1177/1623/297 1165/1980/297 1168/1981/297 1222/1982/297 1225/1983/297 1204/1984/297 1228/1985/297 1258/1986/297 1231/1987/297 1180/1988/297 1174/1989/297 1171/1990/297 1186/1991/297 1183/1992/297 1195/1993/297 1237/1994/297 1219/1607/297 884/1606/297 886/1995/297 887/1996/297 888/1997/297 889/1998/297 890/1999/297 891/2000/297 892/2001/297 893/2002/297 894/2003/297 895/2004/297 885/2005/297 812/2006/297 814/2007/297 815/2008/297 816/2009/297 817/2010/297 818/2011/297 819/2012/297 820/2013/297 821/2014/297 822/2015/297 823/2016/297
f 956/1520/280 1176/1860/280 1200/2017/280 1248/2018/280 1242/2019/280 1245/2020/280 1251/2021/280 1206/2022/280 1197/2023/280 1254/2024/280 1233/2025/280 1239/2026/280 1191/2027/280 1188/2028/280 1215/2029/280 1209/2030/280 1212/2031/280 1218/1844/280 924/1504/280 926/1505/280 928/1506/280 930/1507/280 932/1508/280 934/1509/280 936/1510/280 938/1511/280 940/1512/280 942/1513/280 944/1514/280 946/1515/280 948/1516/280 950/1517/280 952/1518/280 954/1519/280
f 1252/2032/293 1253/2033/293 1208/2034/293 1207/2035/293
f 1171/1979/266 1172/1978/266 1175/2036/266 1174/2037/266
f 1192/2038/287 1193/2039/287 1190/1945/287 1189/1944/287
f 1204/2040/260 1205/2041/260 1226/2042/260 1225/2043/260
f 1168/1973/257 1169/1972/257 1166/1951/257 1165/1950/257
f 1246/2044/294 1247/2045/294 1253/2033/294 1252/2032/294
f 1240/2046/288 1241/2047/288 1193/2039/288 1192/2038/288
f 1249/2048/295 1250/2049/295 1244/2050/295 1243/2051/295
f 1180/2052/264 1181/2053/264 1232/2054/264 1231/2055/264
f 1195/1957/281 1196/1956/281 1184/1959/281 1183/1958/281
f 1177/1953/255 1178/1952/255 1202/2056/255 1201/2057/255
f 1210/1949/285 1211/1948/285 1214/1941/285 1213/1940/285
f 1207/2035/292 1208/2034/292 1199/1967/292 1198/1966/292
f 1228/1977/261 1229/1976/261 1205/2041/261 1204/2040/261
f 1174/2037/265 1175/2036/265 1181/2053/265 1180/2052/265
f 1201/2057/254 1202/2056/254 1250/2049/254 1249/2048/254
f 1234/1975/289 1235/1974/289 1241/2047/289 1240/2046/289
f 1225/2043/259 1226/2042/259 1223/1971/259 1222/1970/259
f 1243/2051/252 1244/2050/252 1247/2045/252 1246/2044/252
f 925/1835/297 1220/1834/297 1214/2058/297 1211/2059/297 1217/2060/297 1190/2061/297 1193/2062/297 1241/2063/297 1235/2064/297 1256/2065/297 1199/2066/297 1208/2067/297 1253/2068/297 1247/2069/297 1244/2070/297 1250/2071/297 1202/2072/297 1178/1818/297 957/1817/297 955/1910/297 953/1911/297 951/1912/297 949/1913/297 947/1914/297 945/1915/297 943/1916/297 941/1917/297 939/1918/297 937/1919/297 935/1920/297 933/1921/297 931/1922/297 929/1923/297 927/1924/297
f 1167/2073/297 1164/2073/297 1176/2073/297 1200/2073/297 1248/2073/297 1242/2073/297 1245/2073/297 1251/2073/297 1206/2073/297 1197/2073/297 1254/2073/297 1233/2073/297 1239/2073/297 1191/2073/297 1188/2073/297 1215/2073/297 1209/2073/297 1212/2073/297 1218/2073/297 1236/2073/297 1194/2073/297 1182/2073/297 1185/2073/297 1170/2073/297 1173/2073/297 1179/2073/297 1230/2073/297 1257/2073/297 1227/2073/297 1203/2073/297 1224/2073/297 1221/2073/297
f 1222/2073/297 1168/2073/297 1165/2073/297 1177/2073/297 1201/2073/297 1249/2073/297 1243/2073/297 1246/2073/297 1252/2073/297 1207/2073/297 1198/2073/297 1255/2073/297 1234/2073/297 1240/2073/297 1192/2073/297 1189/2073/297 1216/2073/297 1210/2073/297 1213/2073/297 1219/2073/297 1237/2073/297 1195/2073/297 1183/2073/297 1186/2073/297 1171/2073/297 1174/2073/297 1180/2073/297 1231/2073/297 1258/2073/297 1228/2073/297 1204/2073/297 1225/2073/297
